Patrimônio,Perdido na enchente de maio de 24?,Conferidos pela SME 2024,Conferidos pela SME 2025,Conferidos pela SME 2026,Não encontrados na escola na visita do time em novembro de 2024/2025,IMEI,ESCOLA
158155,,,,BO em 17/07/26,,350538865098375,CEIA Ana Lucia Ribeiro Jacob Sen
158156,,,,BO em 17/07/26,,350538865095272,CEIA Ana Lucia Ribeiro Jacob Sen
158157,,,,ok,,350538865095280,CEIA Ana Lucia Ribeiro Jacob Sen
158158,,,,BO em 17/07/26,,350538865094598,CEIA Ana Lucia Ribeiro Jacob Sen
158159,,,,ok,,350538865095678,CEIA Ana Lucia Ribeiro Jacob Sen
158160,,,,ok,,350538864363283,CEIA Ana Lucia Ribeiro Jacob Sen
158161,,,,ok,,350538864359000,CEIA Ana Lucia Ribeiro Jacob Sen
158162,,,,ok,,350538864358192,CEIA Ana Lucia Ribeiro Jacob Sen
158163,,,,ok,,350538864357350,CEIA Ana Lucia Ribeiro Jacob Sen
158164,,,,ok,,350538864465617,CEIA Ana Lucia Ribeiro Jacob Sen
158165,,,,ok,,350538864363317,CEIA Ana Lucia Ribeiro Jacob Sen
158166,,,,ok,,350538864358341,CEIA Ana Lucia Ribeiro Jacob Sen
158167,,,,ok,,350538864358887,CEIA Ana Lucia Ribeiro Jacob Sen
158168,,,,ok,,350538864356733,CEIA Ana Lucia Ribeiro Jacob Sen
158169,,,,ok,,350538864356485,CEIA Ana Lucia Ribeiro Jacob Sen
158170,,,,ok,,350538864420422,CEIA Ana Lucia Ribeiro Jacob Sen
158171,,,,ok,,350538864945360,CEIA Ana Lucia Ribeiro Jacob Sen
158172,,,,ok,,350538864392076,CEIA Ana Lucia Ribeiro Jacob Sen
158173,,,,ok,,350538864418665,CEIA Ana Lucia Ribeiro Jacob Sen
158174,,,,ok,,350538864938613,CEIA Ana Lucia Ribeiro Jacob Sen
158175,,,,ok,,350538864392118,CEIA Ana Lucia Ribeiro Jacob Sen
158176,,,,ok,,350538864419515,CEIA Ana Lucia Ribeiro Jacob Sen
158177,,,,ok,,350538864391946,CEIA Ana Lucia Ribeiro Jacob Sen
158178,,,,ok,,350538864390419,CEIA Ana Lucia Ribeiro Jacob Sen
158179,,,,ok,,350538864373373,CEIA Ana Lucia Ribeiro Jacob Sen
154903,,ok,ok,ok,,350538864465336,CEIA Professora Dirneide Isabel Goulart
154904,,ok,ok,ok,,350538864470294,CEIA Professora Dirneide Isabel Goulart
154909,,ok,ok,ok,,350538864473652,CEIA Professora Dirneide Isabel Goulart
154910,,ok,ok,ok,,350538865216514,CEIA Professora Dirneide Isabel Goulart
154913,,ok,ok,ok,,350538865146711,CEIA Professora Dirneide Isabel Goulart
154916,,ok,ok,ok,,350538865218098,CEIA Professora Dirneide Isabel Goulart
154922,,ok,ok,ok,,350538863779257,CEIA Professora Dirneide Isabel Goulart
154925,,ok,ok,ok,,350538863783606,CEIA Professora Dirneide Isabel Goulart
154943,,ok,ok,ok,,350538864465708,CEIA Professora Dirneide Isabel Goulart
154944,,ok,ok,ok,,350538864469171,CEIA Professora Dirneide Isabel Goulart
158180,,,BO realizado em: 09/04/2026,,,350538864988873,CEIA Professora Dirneide Isabel Goulart
158181,,,BO realizado em: 09/04/2027,,,350538865029792,CEIA Professora Dirneide Isabel Goulart
158182,,,BO realizado em: 09/04/2028,,,350538864990564,CEIA Professora Dirneide Isabel Goulart
158183,,,BO realizado em: 09/04/2029,,,350538864988220,CEIA Professora Dirneide Isabel Goulart
158184,,,BO realizado em: 09/04/2030,,,350538864987099,CEIA Professora Dirneide Isabel Goulart
158185,,,BO realizado em: 09/04/2031,,,350538864986927,CEIA Professora Dirneide Isabel Goulart
158186,,,BO realizado em: 09/04/2032,,,350538864986984,CEIA Professora Dirneide Isabel Goulart
158187,,,BO realizado em: 09/04/2033,,,350538865071729,CEIA Professora Dirneide Isabel Goulart
158188,,,BO realizado em: 09/04/2034,,,350538864988428,CEIA Professora Dirneide Isabel Goulart
158189,,,BO realizado em: 09/04/2035,,,350538864987040,CEIA Professora Dirneide Isabel Goulart
158190,,,BO realizado em: 09/04/2036,,,350538864385401,CEIA Professora Dirneide Isabel Goulart
158191,,,BO realizado em: 09/04/2037,,,350538864418764,CEIA Professora Dirneide Isabel Goulart
158192,,,BO realizado em: 09/04/2038,,,350538864418772,CEIA Professora Dirneide Isabel Goulart
158193,,,BO realizado em: 09/04/2039,,,350538864385948,CEIA Professora Dirneide Isabel Goulart
158194,,,BO realizado em: 09/04/2040,,,350538864371757,CEIA Professora Dirneide Isabel Goulart
158195,,,BO realizado em: 09/04/2041,,,350538864938688,CEIA Professora Dirneide Isabel Goulart
158196,,,BO realizado em: 09/04/2042,,,350538864378489,CEIA Professora Dirneide Isabel Goulart
158197,,,BO realizado em: 09/04/2043,,,350538864372227,CEIA Professora Dirneide Isabel Goulart
158198,,,BO realizado em: 09/04/2044,,,350538864424283,CEIA Professora Dirneide Isabel Goulart
158199,,,BO realizado em: 09/04/2045,,,350538864372193,CEIA Professora Dirneide Isabel Goulart
158200,,,BO realizado em: 09/04/2046,,,350538865096593,CEIA Professora Dirneide Isabel Goulart
158201,,,BO realizado em: 09/04/2047,,,350538865098391,CEIA Professora Dirneide Isabel Goulart
158202,,,BO realizado em: 09/04/2048,,,350538865092972,CEIA Professora Dirneide Isabel Goulart
158203,,,BO realizado em: 09/04/2049,,,350538865094531,CEIA Professora Dirneide Isabel Goulart
158204,,,BO realizado em: 09/04/2050,,,350538865096551,CEIA Professora Dirneide Isabel Goulart
158433,,ok,ok,,,350538865175314,CEIA Professora Dirneide Isabel Goulart
158434,,ok,ok,,,350538865178169,CEIA Professora Dirneide Isabel Goulart
155210,,ok,ok,,,350538865172782,EMEF Arthur Oscar Jochims
155211,,ok,,,BO realizado em 23/12/2025,350538865140532,EMEF Arthur Oscar Jochims
155212,,ok,ok,,,350538865134980,EMEF Arthur Oscar Jochims
155213,,ok,ok,,,350538865138635,EMEF Arthur Oscar Jochims
155214,,ok,ok,,,350538865140516,EMEF Arthur Oscar Jochims
155215,,ok,ok,,,350538865138650,EMEF Arthur Oscar Jochims
155216,,,,,BO - 15/05/24,350538865127620,EMEF Arthur Oscar Jochims
155217,,,,,BO - 15/05/24,350538865128255,EMEF Arthur Oscar Jochims
155218,,,,,BO - 15/05/24,350538865138676,EMEF Arthur Oscar Jochims
155219,,ok,ok,,,350538865127521,EMEF Arthur Oscar Jochims
155220,,ok,ok,,,350538864869198,EMEF Arthur Oscar Jochims
155221,,ok,ok,,,350538864869149,EMEF Arthur Oscar Jochims
155222,,ok,ok,,,350538864866145,EMEF Arthur Oscar Jochims
155223,,ok,ok,,,350538864868109,EMEF Arthur Oscar Jochims
155224,,,,,Estragado,350538864868679,EMEF Arthur Oscar Jochims
155225,,ok,ok,,,350538864866004,EMEF Arthur Oscar Jochims
155226,,ok,ok,,,350538864866871,EMEF Arthur Oscar Jochims
155227,,ok,ok,,,350538864868448,EMEF Arthur Oscar Jochims
155228,,ok,ok,,,350538864866012,EMEF Arthur Oscar Jochims
155229,,ok,ok,,,350538864868604,EMEF Arthur Oscar Jochims
155230,,ok,ok,,,350538864807792,EMEF Arthur Oscar Jochims
155231,,ok,ok,,,350538864793604,EMEF Arthur Oscar Jochims
155232,,ok,ok,,,350538864802538,EMEF Arthur Oscar Jochims
155233,,ok,ok,,,350538864809376,EMEF Arthur Oscar Jochims
155234,,ok,ok,,,350538864806869,EMEF Arthur Oscar Jochims
155235,,ok,ok,,,350538864793448,EMEF Arthur Oscar Jochims
155236,,ok,ok,,,350538864797399,EMEF Arthur Oscar Jochims
155237,,ok,ok,,,350538864795203,EMEF Arthur Oscar Jochims
155238,,ok,ok,,,350538864795997,EMEF Arthur Oscar Jochims
155239,,,,,Estragado,350538864809418,EMEF Arthur Oscar Jochims
155240,,ok,ok,,,350538865220839,EMEF Arthur Oscar Jochims
155241,,ok,ok,,,350538865202720,EMEF Arthur Oscar Jochims
155242,,ok,ok,,,350538865213750,EMEF Arthur Oscar Jochims
155243,,ok,ok,,,350538865214881,EMEF Arthur Oscar Jochims
155244,,ok,ok,,,350538865203348,EMEF Arthur Oscar Jochims
155245,,ok,ok,,,350538865207521,EMEF Arthur Oscar Jochims
155246,,ok,ok,,,350538865207323,EMEF Arthur Oscar Jochims
155247,,ok,ok,,,350538865210111,EMEF Arthur Oscar Jochims
155248,,ok,ok,,,350538865213776,EMEF Arthur Oscar Jochims
155249,,ok,ok,,,350538865209956,EMEF Arthur Oscar Jochims
155250,,ok,ok,,,350538864467902,EMEF Arthur Oscar Jochims
155251,,ok,,,BO realizado em 23/12/2026,350538864461764,EMEF Arthur Oscar Jochims
155252,,ok,ok,,,350538864477810,EMEF Arthur Oscar Jochims
155253,,ok,ok,,,350538864462853,EMEF Arthur Oscar Jochims
155254,,ok,ok,,,350538864462895,EMEF Arthur Oscar Jochims
155255,,ok,ok,,,350538864466326,EMEF Arthur Oscar Jochims
155256,,ok,ok,,,350538864477893,EMEF Arthur Oscar Jochims
155257,,ok,ok,,,350538864462010,EMEF Arthur Oscar Jochims
155258,,ok,ok,,,350538864466367,EMEF Arthur Oscar Jochims
155259,,ok,ok,,,350538864466375,EMEF Arthur Oscar Jochims
155260,,ok,ok,,,350538865136662,EMEF Arthur Oscar Jochims
155261,,ok,ok,,,350538865135813,EMEF Arthur Oscar Jochims
155262,,ok,ok,,,350538865137264,EMEF Arthur Oscar Jochims
155263,,ok,ok,,,350538865136787,EMEF Arthur Oscar Jochims
155264,,ok,ok,,,350538865140961,EMEF Arthur Oscar Jochims
155265,,ok,ok,,,350538865136373,EMEF Arthur Oscar Jochims
155266,,ok,ok,,,350538865135243,EMEF Arthur Oscar Jochims
155267,,ok,,,BO realizado em 23/12/2025,350538865136209,EMEF Arthur Oscar Jochims
155268,,ok,ok,,,350538865138411,EMEF Arthur Oscar Jochims
155269,,,,,BO - 15/05/24,350538865136035,EMEF Arthur Oscar Jochims
155270,,ok,ok,,,350538864467225,EMEF Arthur Oscar Jochims
155271,,ok,ok,,,350538864460980,EMEF Arthur Oscar Jochims
155272,,,,,BO - 15/05/24,350538864460204,EMEF Arthur Oscar Jochims
155273,,ok,ok,,,350538864370684,EMEF Arthur Oscar Jochims
155274,,ok,ok,,,350538864370429,EMEF Arthur Oscar Jochims
155275,,ok,ok,,,350538864462754,EMEF Arthur Oscar Jochims
155276,,ok,ok,,,350538864459669,EMEF Arthur Oscar Jochims
155277,,,,,BO - 15/05/24,350538864370924,EMEF Arthur Oscar Jochims
155278,,ok,ok,,,350538864470609,EMEF Arthur Oscar Jochims
155279,,ok,ok,,,350538864480558,EMEF Arthur Oscar Jochims
158450,,ok,ok,,,350538864373464,EMEF Arthur Oscar Jochims
158453,,ok,,,BO realizado em 23/12/2025,350538864422238,EMEF Arthur Oscar Jochims
158454,,ok,ok,,,350538864392548,EMEF Arthur Oscar Jochims
158456,,ok,ok,,,350538864381533,EMEF Arthur Oscar Jochims
158460,,ok,ok,,,350538865218429,EMEF Arthur Oscar Jochims
158461,,ok,ok,,,350538865218437,EMEF Arthur Oscar Jochims
158462,,ok,ok,,,350538865218510,EMEF Arthur Oscar Jochims
158464,,ok,ok,,,350538865218825,EMEF Arthur Oscar Jochims
158465,,ok,ok,,,350538865215896,EMEF Arthur Oscar Jochims
158466,,ok,ok,,,350538865217132,EMEF Arthur Oscar Jochims
158467,,ok,ok,,,350538864828459,EMEF Arthur Oscar Jochims
158468,,ok,ok,,,350538865219104,EMEF Arthur Oscar Jochims
158480,,ok,ok,,,350538865161397,EMEF Arthur Oscar Jochims
158481,,ok,ok,,,350538865166701,EMEF Arthur Oscar Jochims
158482,,ok,ok,,,350538865170109,EMEF Arthur Oscar Jochims
154850,,ok,ok,,,350538865217082,EMEF Arthur Pereira de Vargas
154851,,ok,,,,350538865214113,EMEF Arthur Pereira de Vargas
154852,,ok,ok,,,350538865213461,EMEF Arthur Pereira de Vargas
154853,,ok,ok,,,350538865215334,EMEF Arthur Pereira de Vargas
154854,,ok,ok,,,350538865209592,EMEF Arthur Pereira de Vargas
154855,,ok,ok,,,350538865214832,EMEF Arthur Pereira de Vargas
154856,,ok,ok,,,350538865218445,EMEF Arthur Pereira de Vargas
154857,,ok,ok,,,350538865204957,EMEF Arthur Pereira de Vargas
154858,,ok,ok,,,350538865215938,EMEF Arthur Pereira de Vargas
154859,,ok,ok,,,350538865205186,EMEF Arthur Pereira de Vargas
154860,,ok,ok,,,350538863764499,EMEF Arthur Pereira de Vargas
154861,,ok,ok,,,350538863766395,EMEF Arthur Pereira de Vargas
154862,SIM,,,,,350538863764184,EMEF Arthur Pereira de Vargas
154863,,ok,ok,,,350538863766379,EMEF Arthur Pereira de Vargas
154864,,ok,ok,,,350538863766387,EMEF Arthur Pereira de Vargas
154865,,ok,ok,,,350538863768797,EMEF Arthur Pereira de Vargas
154866,,ok,ok,,,350538863759028,EMEF Arthur Pereira de Vargas
154867,,ok,ok,,,350538863765918,EMEF Arthur Pereira de Vargas
154868,,ok,ok,,,350538863764218,EMEF Arthur Pereira de Vargas
154869,,ok,ok,,,350538863766445,EMEF Arthur Pereira de Vargas
154870,,ok,ok,,,350538865205038,EMEF Arthur Pereira de Vargas
154871,,ok,ok,,,350538865219369,EMEF Arthur Pereira de Vargas
154872,,ok,ok,,,350538865201649,EMEF Arthur Pereira de Vargas
154873,,ok,,,,350538865204387,EMEF Arthur Pereira de Vargas
154874,,ok,ok,,,350538865205608,EMEF Arthur Pereira de Vargas
154875,,ok,ok,,,350538865204577,EMEF Arthur Pereira de Vargas
154876,,ok,ok,,,350538865201664,EMEF Arthur Pereira de Vargas
154877,,ok,ok,,,350538865202126,EMEF Arthur Pereira de Vargas
154878,,ok,ok,,,350538865205475,EMEF Arthur Pereira de Vargas
154879,,ok,ok,,,350538865201185,EMEF Arthur Pereira de Vargas
154880,,ok,,,,350538864142034,EMEF Arthur Pereira de Vargas
154881,,ok,ok,,,350538864144782,EMEF Arthur Pereira de Vargas
154882,,ok,,,,350538864118786,EMEF Arthur Pereira de Vargas
154883,,ok,,,,350538864126029,EMEF Arthur Pereira de Vargas
154884,,ok,ok,,,350538864119784,EMEF Arthur Pereira de Vargas
154885,,ok,ok,,,350538864122150,EMEF Arthur Pereira de Vargas
154886,,ok,ok,,,350538864146787,EMEF Arthur Pereira de Vargas
154887,,ok,ok,,,350538864119974,EMEF Arthur Pereira de Vargas
154888,,ok,ok,,,350538864119933,EMEF Arthur Pereira de Vargas
154889,,ok,ok,,,350538864141804,EMEF Arthur Pereira de Vargas
154890,,ok,ok,estragado,,350538863771304,EMEF Arthur Pereira de Vargas
154891,,ok,ok,,,350538863772674,EMEF Arthur Pereira de Vargas
154892,,ok,ok,,,350538863773813,EMEF Arthur Pereira de Vargas
154893,,ok,ok,,,350538863772872,EMEF Arthur Pereira de Vargas
154894,,ok,ok,,,350538863782962,EMEF Arthur Pereira de Vargas
154895,,ok,ok,,,350538863774241,EMEF Arthur Pereira de Vargas
154896,,ok,ok,,,350538863770835,EMEF Arthur Pereira de Vargas
154897,,ok,ok,,,350538863775800,EMEF Arthur Pereira de Vargas
154898,,ok,ok,,,350538863769829,EMEF Arthur Pereira de Vargas
154899,,ok,,,,350538863771320,EMEF Arthur Pereira de Vargas
158060,,ok,ok,,,350538864794446,EMEF Arthur Pereira de Vargas
158061,,ok,ok,,,350538864795237,EMEF Arthur Pereira de Vargas
158062,,ok,ok,,,350538864804575,EMEF Arthur Pereira de Vargas
158063,,ok,,,,350538864794099,EMEF Arthur Pereira de Vargas
158064,,ok,ok,,,350538864799130,EMEF Arthur Pereira de Vargas
154810,,ok,ok,,,350538864360321,EMEF Assis Brasil
154811,,ok,ok,,,350538864358697,EMEF Assis Brasil
154812,,ok,ok,,,350538864358374,EMEF Assis Brasil
154813,,ok,ok,,,350538864357525,EMEF Assis Brasil
154814,,ok,ok,,,350538864359315,EMEF Assis Brasil
154815,,ok,ok,,,350538864357491,EMEF Assis Brasil
154816,,ok,ok,,,350538864358911,EMEF Assis Brasil
154817,,ok,ok,,,350538864367300,EMEF Assis Brasil
154818,,ok,ok,,,350538864358838,EMEF Assis Brasil
154819,,ok,ok,,,350538864357582,EMEF Assis Brasil
154820,,ok,ok,,,350538863771080,EMEF Assis Brasil
154821,,ok,ok,,,350538863774308,EMEF Assis Brasil
154822,,ok,ok,,,350538863770413,EMEF Assis Brasil
154823,,ok,ok,,,350538863775289,EMEF Assis Brasil
154824,,ok,ok,,,350538863775420,EMEF Assis Brasil
154825,,ok,ok,,,350538863770405,EMEF Assis Brasil
154826,,ok,ok,,,350538863774670,EMEF Assis Brasil
154827,,ok,ok,,,350538863774837,EMEF Assis Brasil
154828,,ok,ok,,,350538863771247,EMEF Assis Brasil
154829,,ok,ok,,,350538863769712,EMEF Assis Brasil
154830,,ok,ok,,,350538865053420,EMEF Assis Brasil
154831,,ok,ok,,,350538865068915,EMEF Assis Brasil
154832,,ok,ok,,,350538865043470,EMEF Assis Brasil
154833,,ok,ok,,,350538865048842,EMEF Assis Brasil
154834,,ok,ok,,,350538865041730,EMEF Assis Brasil
154835,,ok,ok,,,350538865044775,EMEF Assis Brasil
154836,,ok,ok,,,350538865070028,EMEF Assis Brasil
154837,,ok,ok,,,350538865042746,EMEF Assis Brasil
154838,,ok,ok,,,350538865041706,EMEF Assis Brasil
154839,,ok,ok,,,350538865041672,EMEF Assis Brasil
154840,,ok,ok,,,350538865205731,EMEF Assis Brasil
154841,,ok,ok,,,350538865205624,EMEF Assis Brasil
154842,,ok,ok,,,350538865203520,EMEF Assis Brasil
154843,,ok,ok,,,350538865218981,EMEF Assis Brasil
154844,,ok,ok,,,350538865219351,EMEF Assis Brasil
154845,,ok,ok,,,350538865201565,EMEF Assis Brasil
154846,,ok,ok,,,350538865204593,EMEF Assis Brasil
154847,,ok,ok,,,350538865213669,EMEF Assis Brasil
154848,,ok,ok,,,350538865217793,EMEF Assis Brasil
154849,,ok,ok,,,350538865201623,EMEF Assis Brasil
155520,,ok,ok,,,350538865145432,EMEF Assis Brasil
155521,,ok,ok,,,350538865144542,EMEF Assis Brasil
155522,,ok,ok,,,350538865144971,EMEF Assis Brasil
155523,,ok,ok,,,350538865203587,EMEF Assis Brasil
155524,,ok,ok,,,350538865144302,EMEF Assis Brasil
155545,,ok,ok,,,350538865148162,EMEF Assis Brasil
155546,,ok,ok,,,350538865198241,EMEF Assis Brasil
155547,,ok,ok,,,350538865147131,EMEF Assis Brasil
155548,,ok,ok,,,350538865213552,EMEF Assis Brasil
155549,,ok,ok,,,350538865139351,EMEF Assis Brasil
155561,,ok,ok,,,350538865184977,EMEF Assis Brasil
155562,,ok,ok,,,350538865124825,EMEF Assis Brasil
155563,,ok,ok,,,350538865176593,EMEF Assis Brasil
155564,,ok,ok,,,350538865173806,EMEF Assis Brasil
155565,,ok,ok,,,350538864409573,EMEF Assis Brasil
158040,,ok,ok,,,350538864682476,EMEF Assis Brasil
158041,,ok,ok,,,350538864681254,EMEF Assis Brasil
158042,,ok,ok,,,350538864878771,EMEF Assis Brasil
158043,,ok,ok,,,350538864683342,EMEF Assis Brasil
158044,,ok,ok,,,350538864679548,EMEF Assis Brasil
158045,,ok,ok,,,350538864510842,EMEF Assis Brasil
158046,,ok,ok,,,350538864678201,EMEF Assis Brasil
158047,,ok,ok,,,350538864679589,EMEF Assis Brasil
158048,,ok,ok,,,350538864684431,EMEF Assis Brasil
158049,,ok,ok,,,350538864684407,EMEF Assis Brasil
158281,,ok,estragado,,,350538864690545,EMEF Assis Brasil
158282,,ok,ok,,,350538864674994,EMEF Assis Brasil
158283,,ok,ok,,,350538864691261,EMEF Assis Brasil
158284,,ok,ok,,,350538864675033,EMEF Assis Brasil
155280,sim,,,,,350538865212950,EMEF Barão de Mauá
155281,sim,,,,,350538865202852,EMEF Barão de Mauá
155282,sim,,,,,350538865212844,EMEF Barão de Mauá
155283,sim,,,,,350538865202753,EMEF Barão de Mauá
155284,sim,,,,,350538865214048,EMEF Barão de Mauá
155285,sim,,,,,350538865205053,EMEF Barão de Mauá
155286,sim,,,,,350538865204932,EMEF Barão de Mauá
155287,sim,,,,,350538865202084,EMEF Barão de Mauá
155288,sim,,,,,350538865201938,EMEF Barão de Mauá
155289,sim,,,,,350538865202829,EMEF Barão de Mauá
155290,sim,,,,,350538864928382,EMEF Barão de Mauá
155291,sim,,,,,350538864810978,EMEF Barão de Mauá
155292,sim,,,,,350538864798926,EMEF Barão de Mauá
155293,sim,,,,,350538864926709,EMEF Barão de Mauá
155294,sim,,,,,350538864929836,EMEF Barão de Mauá
155295,sim,,,,,350538864928374,EMEF Barão de Mauá
155296,sim,,,,,350538864928507,EMEF Barão de Mauá
155297,sim,,,,,350538864926642,EMEF Barão de Mauá
155298,sim,,,,,350538864811018,EMEF Barão de Mauá
155299,sim,,,,,350538864926774,EMEF Barão de Mauá
155300,sim,,,,,350538865128248,EMEF Barão de Mauá
155301,sim,,,,,350538865128222,EMEF Barão de Mauá
155302,sim,,,,,350538865173699,EMEF Barão de Mauá
155303,sim,,,,,350538865126143,EMEF Barão de Mauá
155304,sim,,,,,350538865128990,EMEF Barão de Mauá
155305,sim,,,,,350538865127885,EMEF Barão de Mauá
155306,sim,,,,,350538865140425,EMEF Barão de Mauá
155307,sim,,,,,350538865128065,EMEF Barão de Mauá
155308,sim,,,,,350538865126135,EMEF Barão de Mauá
155309,sim,,,,,350538865128271,EMEF Barão de Mauá
155310,sim,,,,,350538864507749,EMEF Barão de Mauá
155311,sim,,,,,350538864363705,EMEF Barão de Mauá
155312,sim,,,,,350538864359554,EMEF Barão de Mauá
155313,sim,,,,,350538864365270,EMEF Barão de Mauá
155314,sim,,,,,350538864358036,EMEF Barão de Mauá
155315,sim,,,,,350538864362251,EMEF Barão de Mauá
155316,sim,,,,,350538864357574,EMEF Barão de Mauá
155317,sim,,,,,350538864359638,EMEF Barão de Mauá
155318,sim,,,,,350538864358671,EMEF Barão de Mauá
155319,sim,,,,,350538864358390,EMEF Barão de Mauá
155551,,ok,ok,,,350538864361568,EMEF Barão de Mauá
155552,,ok,ok,,,350538864361436,EMEF Barão de Mauá
155553,,ok,ok,,,350538864365254,EMEF Barão de Mauá
155554,,ok,ok,,,350538864359521,EMEF Barão de Mauá
155555,,ok,ok,,,350538864359224,EMEF Barão de Mauá
156330,,ok,ok,,,350538864471227,EMEF Barão de Mauá
156331,,ok,ok,,,350538864464008,EMEF Barão de Mauá
156332,,ok,ok,,,350538864463570,EMEF Barão de Mauá
156333,,ok,ok,,,350538864465971,EMEF Barão de Mauá
156334,,ok,ok,,,350538864481838,EMEF Barão de Mauá
156335,,ok,ok,,,350538864463745,EMEF Barão de Mauá
156336,,ok,ok,,,350538864463646,EMEF Barão de Mauá
156337,,ok,ok,,,350538864466557,EMEF Barão de Mauá
156338,,ok,ok,,,350538864463588,EMEF Barão de Mauá
156339,,ok,ok,,,350538864471177,EMEF Barão de Mauá
158260,,ok,ok,,,350538864930552,EMEF Barão de Mauá
158261,,ok,ok,,,350538864932871,EMEF Barão de Mauá
158262,,ok,ok,,,350538864932947,EMEF Barão de Mauá
158263,,ok,ok,,,350538864933267,EMEF Barão de Mauá
158264,,ok,ok,,,350538864931220,EMEF Barão de Mauá
158736,,,ok,,,350538864466623,EMEF Barão de Mauá
158737,,,ok,,,350538864791921,EMEF Barão de Mauá
158738,,,ok,,,350538864796086,EMEF Barão de Mauá
158739,,,ok,,,350538864802025,EMEF Barão de Mauá
158740,,,ok,,,350538865213909,EMEF Barão de Mauá
158741,,,ok,,,350538864115428,EMEF Barão de Mauá
158742,,,ok,,,350538865203835,EMEF Barão de Mauá
158743,,,ok,,,350538865215193,EMEF Barão de Mauá
158744,,,ok,,,350538864801670,EMEF Barão de Mauá
158745,,,ok,,,350538863762626,EMEF Barão de Mauá
158746,,,ok,,,350538864798991,EMEF Barão de Mauá
158747,,,ok,,,350538864801837,EMEF Barão de Mauá
158748,,,ok,,,350538864802173,EMEF Barão de Mauá
158749,,,ok,,,350538864984039,EMEF Barão de Mauá
158750,,,ok,,,350538864988550,EMEF Barão de Mauá
158751,,,ok,,,350538864986919,EMEF Barão de Mauá
158752,,,ok,,,350538864797712,EMEF Barão de Mauá
158753,,,ok,,,350538864808931,EMEF Barão de Mauá
158754,,,ok,,,350538865206168,EMEF Barão de Mauá
158755,,,ok,,,350538864793984,EMEF Barão de Mauá
158756,,,ok,,,350538864806885,EMEF Barão de Mauá
157960,sim,,,,,350538864404459,EMEF Bilingui Vitória para Surdos
157961,,ok,ok,,,350538864406793,EMEF Bilingui Vitória para Surdos
157962,,ok,ok,,,350538864406231,EMEF Bilingui Vitória para Surdos
157963,sim,,,,,350538864405407,EMEF Bilingui Vitória para Surdos
157965,,ok,ok,,,350538864407130,EMEF Bilingui Vitória para Surdos
157966,sim,,,,,350538864405761,EMEF Bilingui Vitória para Surdos
157967,sim,,,,,350538864405068,EMEF Bilingui Vitória para Surdos
157968,,ok,ok,,,350538864405001,EMEF Bilingui Vitória para Surdos
157969,sim,,ok,,,350538864406652,EMEF Bilingui Vitória para Surdos
157970,sim,,ok,,,350538864999656,EMEF Bilingui Vitória para Surdos
157971,furtado,,,,BO em 12/08/24,350538865058635,EMEF Bilingui Vitória para Surdos
157974,sim,,,,,350538864999896,EMEF Bilingui Vitória para Surdos
157975,,ok,ok,,,350538865031475,EMEF Bilingui Vitória para Surdos
157976,,ok,ok,,,350538865001551,EMEF Bilingui Vitória para Surdos
157977,,ok,ok,,,350538864998757,EMEF Bilingui Vitória para Surdos
157978,,ok,ok,,,350538865001585,EMEF Bilingui Vitória para Surdos
157979,,ok,ok,,,350538865003078,EMEF Bilingui Vitória para Surdos
158115,,ok,ok,,,350538864938506,EMEF Bilingui Vitória para Surdos
158119,sim,,,,,350538864419648,EMEF Bilingui Vitória para Surdos
158120,sim,,,,,350538864392092,EMEF Bilingui Vitória para Surdos
158123,sim,,,,,350538864420505,EMEF Bilingui Vitória para Surdos
158124,,ok,ok,,,350538864425157,EMEF Bilingui Vitória para Surdos
158125,,ok,ok,,,350538864420380,EMEF Bilingui Vitória para Surdos
158127,sim,,,,,350538864372003,EMEF Bilingui Vitória para Surdos
158128,sim,,,,,350538864372060,EMEF Bilingui Vitória para Surdos
158129,sim,,,,,350538864380683,EMEF Bilingui Vitória para Surdos
158130,sim,,,,,350538864416891,EMEF Bilingui Vitória para Surdos
158131,sim,,,,,350538864416396,EMEF Bilingui Vitória para Surdos
158132,sim,,,,,350538864385476,EMEF Bilingui Vitória para Surdos
158133,sim,,,,,350538864415836,EMEF Bilingui Vitória para Surdos
158134,sim,,,,,350538864388108,EMEF Bilingui Vitória para Surdos
158136,sim,,,,,350538865002302,EMEF Bilingui Vitória para Surdos
158139,sim,,,,,350538865001262,EMEF Bilingui Vitória para Surdos
158141,sim,,,,,350538865000793,EMEF Bilingui Vitória para Surdos
158142,,ok,ok,,,350538865032077,EMEF Bilingui Vitória para Surdos
158143,sim,,,,,350538864997643,EMEF Bilingui Vitória para Surdos
158144,sim,,,,,350538865001304,EMEF Bilingui Vitória para Surdos
155320,,ok,ok,,,350538865208578,EMEF Carlos Drummond de Andrade
155321,,ok,ok,,,350538865140631,EMEF Carlos Drummond de Andrade
155322,,ok,ok,,,350538865140029,EMEF Carlos Drummond de Andrade
155323,,ok,ok,,,350538865197193,EMEF Carlos Drummond de Andrade
155324,,ok,ok,,,350538865197763,EMEF Carlos Drummond de Andrade
155325,,ok,ok,,,350538865144419,EMEF Carlos Drummond de Andrade
155326,,ok,ok,,,350538865197128,EMEF Carlos Drummond de Andrade
155327,,ok,ok,,,350538865219161,EMEF Carlos Drummond de Andrade
155328,,ok,ok,,,350538865204262,EMEF Carlos Drummond de Andrade
155329,,ok,ok,,,350538865211119,EMEF Carlos Drummond de Andrade
155330,,ok,ok,,,350538864792218,EMEF Carlos Drummond de Andrade
155331,,ok,ok,,,350538864798660,EMEF Carlos Drummond de Andrade
155332,,ok,ok,,,350538864794438,EMEF Carlos Drummond de Andrade
155333,,ok,ok,,,350538864791764,EMEF Carlos Drummond de Andrade
155334,,ok,ok,,,350538864792572,EMEF Carlos Drummond de Andrade
155335,,ok,ok,,,350538864792721,EMEF Carlos Drummond de Andrade
155336,,ok,ok,,,350538864791384,EMEF Carlos Drummond de Andrade
155337,,ok,ok,,,350538864932624,EMEF Carlos Drummond de Andrade
155338,,ok,ok,,,350538864791079,EMEF Carlos Drummond de Andrade
155339,,ok,ok,,,350538864791319,EMEF Carlos Drummond de Andrade
155340,,ok,ok,,,350538865139799,EMEF Carlos Drummond de Andrade
155341,,ok,ok,,,350538865203058,EMEF Carlos Drummond de Andrade
155342,,ok,ok,,,350538865204536,EMEF Carlos Drummond de Andrade
155343,,ok,ok,,,350538865141837,EMEF Carlos Drummond de Andrade
155344,,ok,ok,,,350538865212745,EMEF Carlos Drummond de Andrade
155345,,ok,ok,,,350538865202688,EMEF Carlos Drummond de Andrade
155346,,ok,ok,,,350538865201961,EMEF Carlos Drummond de Andrade
155347,,ok,ok,,,350538865204874,EMEF Carlos Drummond de Andrade
155348,,ok,ok,,,350538865139740,EMEF Carlos Drummond de Andrade
155349,,ok,ok,,,350538865139781,EMEF Carlos Drummond de Andrade
155350,,ok,ok,,,350538865148501,EMEF Carlos Drummond de Andrade
155351,,ok,ok,,,350538865197391,EMEF Carlos Drummond de Andrade
155352,,ok,ok,,,350538865141332,EMEF Carlos Drummond de Andrade
155353,,ok,ok,,,350538865148386,EMEF Carlos Drummond de Andrade
155354,,ok,ok,,,350538865141282,EMEF Carlos Drummond de Andrade
155355,,ok,ok,,,350538865200575,EMEF Carlos Drummond de Andrade
155356,,ok,ok,,,350538865198514,EMEF Carlos Drummond de Andrade
155357,,ok,ok,,,350538865141233,EMEF Carlos Drummond de Andrade
155358,,ok,ok,,,350538865197458,EMEF Carlos Drummond de Andrade
155359,,ok,ok,,,350538865141258,EMEF Carlos Drummond de Andrade
155360,,ok,ok,,,350538863977505,EMEF Carlos Drummond de Andrade
155361,,ok,ok,,,350538863759283,EMEF Carlos Drummond de Andrade
155362,,ok,ok,,,350538863778853,EMEF Carlos Drummond de Andrade
155363,,ok,ok,,,350538863766114,EMEF Carlos Drummond de Andrade
155364,,ok,ok,,,350538863761578,EMEF Carlos Drummond de Andrade
155365,,ok,ok,,,350538863768847,EMEF Carlos Drummond de Andrade
155366,,ok,ok,,,350538863779943,EMEF Carlos Drummond de Andrade
155367,,ok,ok,,,350538863758814,EMEF Carlos Drummond de Andrade
155368,,ok,ok,Laudo 002/2026,,350538863759705,EMEF Carlos Drummond de Andrade
155369,,ok,ok,,,350538863759838,EMEF Carlos Drummond de Andrade
155370,,ok,ok,,,350538865125756,EMEF Carlos Drummond de Andrade
155371,,ok,ok,,,350538865125871,EMEF Carlos Drummond de Andrade
155372,,ok,ok,,,350538865128164,EMEF Carlos Drummond de Andrade
155373,,ok,ok,,,350538865125764,EMEF Carlos Drummond de Andrade
155374,,ok,ok,,,350538865138619,EMEF Carlos Drummond de Andrade
155375,,ok,ok,,,350538865138593,EMEF Carlos Drummond de Andrade
155376,,ok,ok,,,350538865140540,EMEF Carlos Drummond de Andrade
155377,,ok,ok,,,350538865135219,EMEF Carlos Drummond de Andrade
155378,,ok,ok,,,350538865173590,EMEF Carlos Drummond de Andrade
155379,,ok,ok,,,350538865129204,EMEF Carlos Drummond de Andrade
155380,,ok,ok,,,350538863771064,EMEF Carlos Drummond de Andrade
155381,,ok,ok,,,350538863772781,EMEF Carlos Drummond de Andrade
155382,,ok,ok,,,350538863782939,EMEF Carlos Drummond de Andrade
155383,,ok,ok,,,350538863774233,EMEF Carlos Drummond de Andrade
155384,,ok,ok,,,350538863770306,EMEF Carlos Drummond de Andrade
155385,,ok,ok,,,350538863767559,EMEF Carlos Drummond de Andrade
155386,,ok,ok,,,350538863771288,EMEF Carlos Drummond de Andrade
155387,,ok,ok,,,350538863771551,EMEF Carlos Drummond de Andrade
155388,,ok,ok,,,350538863771239,EMEF Carlos Drummond de Andrade
155389,,ok,ok,,,350538863767526,EMEF Carlos Drummond de Andrade
155390,,ok,ok,,,350538865203157,EMEF Carlos Drummond de Andrade
155391,,ok,ok,,,350538865203082,EMEF Carlos Drummond de Andrade
155392,,ok,ok,,,350538865209147,EMEF Carlos Drummond de Andrade
155393,,ok,ok,,,350538865211135,EMEF Carlos Drummond de Andrade
155394,,ok,ok,,,350538865206507,EMEF Carlos Drummond de Andrade
155395,,ok,ok,,,350538865209071,EMEF Carlos Drummond de Andrade
155396,,ok,ok,,,350538865209618,EMEF Carlos Drummond de Andrade
155397,,ok,ok,,,350538865211846,EMEF Carlos Drummond de Andrade
155398,,ok,ok,,,350538865204452,EMEF Carlos Drummond de Andrade
155399,,ok,ok,,,350538865216209,EMEF Carlos Drummond de Andrade
155400,,ok,ok,,,350538864840702,EMEF Carlos Drummond de Andrade
155401,,ok,ok,,,350538864838821,EMEF Carlos Drummond de Andrade
155402,,ok,ok,,,350538864856013,EMEF Carlos Drummond de Andrade
155403,,ok,ok,,,350538864839969,EMEF Carlos Drummond de Andrade
155404,,ok,ok,,,350538864836833,EMEF Carlos Drummond de Andrade
155405,,ok,ok,,,350538864785824,EMEF Carlos Drummond de Andrade
155406,,ok,ok,,,350538864836130,EMEF Carlos Drummond de Andrade
155407,,ok,ok,,,350538864840686,EMEF Carlos Drummond de Andrade
155408,,ok,ok,,,350538864846501,EMEF Carlos Drummond de Andrade
155409,,ok,ok,,,350538864848291,EMEF Carlos Drummond de Andrade
155410,,ok,ok,,,350538864791822,EMEF Carlos Drummond de Andrade
155411,,ok,ok,,,350538864927335,EMEF Carlos Drummond de Andrade
155412,,ok,ok,,,350538864795658,EMEF Carlos Drummond de Andrade
155413,,ok,ok,,,350538864870931,EMEF Carlos Drummond de Andrade
155414,,ok,ok,,,350538864926683,EMEF Carlos Drummond de Andrade
155415,,ok,ok,,,350538864927632,EMEF Carlos Drummond de Andrade
155416,,ok,ok,,,350538864926071,EMEF Carlos Drummond de Andrade
155417,,ok,ok,,,350538864927954,EMEF Carlos Drummond de Andrade
155418,,ok,ok,,,350538864926725,EMEF Carlos Drummond de Andrade
155419,,ok,ok,,,350538864927988,EMEF Carlos Drummond de Andrade
155420,,ok,ok,,,350538864806935,EMEF Carlos Drummond de Andrade
155421,,ok,ok,,,350538864797795,EMEF Carlos Drummond de Andrade
155422,,ok,ok,,,350538864798223,EMEF Carlos Drummond de Andrade
155423,,ok,ok,,,350538864795948,EMEF Carlos Drummond de Andrade
155424,,ok,ok,,,350538864929992,EMEF Carlos Drummond de Andrade
155425,,ok,ok,,,350538864794115,EMEF Carlos Drummond de Andrade
155426,,ok,ok,,,350538864794057,EMEF Carlos Drummond de Andrade
155427,,ok,ok,,,350538864810515,EMEF Carlos Drummond de Andrade
155428,,ok,ok,,,350538864796300,EMEF Carlos Drummond de Andrade
155429,,ok,ok,,,350538864810572,EMEF Carlos Drummond de Andrade
154760,,ok,ok,,,350538865172410,EMEF Castelo Branco
154761,,ok,ok,,,350538865161272,EMEF Castelo Branco
154762,,ok,ok,,,350538865170976,EMEF Castelo Branco
154763,,ok,ok,,,350538865131358,EMEF Castelo Branco
154764,,ok,ok,,,350538865135003,EMEF Castelo Branco
154765,,ok,ok,,,350538865166305,EMEF Castelo Branco
154766,,ok,ok,,,350538865161389,EMEF Castelo Branco
154767,,ok,ok,,,350538865165919,EMEF Castelo Branco
154768,,ok,ok,,,350538865161629,EMEF Castelo Branco
154769,,ok,ok,,,350538865130566,EMEF Castelo Branco
154770,,ok,ok,,,350538865218403,EMEF Castelo Branco
154771,,ok,ok,,,350538865218379,EMEF Castelo Branco
154772,,ok,ok,,,350538865219138,EMEF Castelo Branco
154773,,ok,ok,,,350538865218593,EMEF Castelo Branco
154774,,ok,ok,,,350538865216902,EMEF Castelo Branco
154775,,ok,ok,,,350538865218676,EMEF Castelo Branco
154776,,ok,ok,,,350538865218643,EMEF Castelo Branco
154777,,ok,ok,,,350538865217165,EMEF Castelo Branco
154778,,ok,ok,,,350538865216761,EMEF Castelo Branco
154779,,ok,ok,,,350538865217280,EMEF Castelo Branco
154780,,ok,ok,,,350538865205392,EMEF Castelo Branco
154781,,ok,ok,,,350538865205384,EMEF Castelo Branco
154782,,ok,ok,,,350538865203264,EMEF Castelo Branco
154783,,ok,ok,,,350538865205061,EMEF Castelo Branco
154784,,ok,ok,,,350538865209279,EMEF Castelo Branco
154785,,ok,ok,,,350538865205376,EMEF Castelo Branco
154786,,ok,ok,,,350538865205277,EMEF Castelo Branco
154787,,ok,ok,,,350538865204643,EMEF Castelo Branco
154788,,ok,ok,,,350538865202217,EMEF Castelo Branco
154789,,ok,ok,,,350538865206556,EMEF Castelo Branco
157990,,ok,ok,,,350538864466409,EMEF Castelo Branco
157991,,ok,ok,,,350538864466300,EMEF Castelo Branco
157992,,ok,ok,,,350538864462945,EMEF Castelo Branco
157993,,ok,ok,,,350538864466292,EMEF Castelo Branco
157994,,ok,ok,,,350538864473769,EMEF Castelo Branco
157995,,ok,ok,,,350538864113670,EMEF Castelo Branco
157996,,ok,ok,,,350538864463976,EMEF Castelo Branco
157997,,ok,ok,,,350538864470864,EMEF Castelo Branco
157998,,ok,ok,,,350538864473777,EMEF Castelo Branco
157999,,ok,ok,,,350538864470492,EMEF Castelo Branco
158000,,ok,ok,,,350538864357046,EMEF Castelo Branco
158001,,ok,ok,,,350538864357889,EMEF Castelo Branco
158002,,ok,ok,,,350538864365825,EMEF Castelo Branco
158003,,ok,ok,,,350538864359372,EMEF Castelo Branco
158004,,ok,ok,,,350538864360743,EMEF Castelo Branco
158280,,ok,ok,,,350538864515346,EMEF Castelo Branco
158285,,ok,ok,,,350538864683268,EMEF Castelo Branco
158287,,ok,ok,,,350538864657262,EMEF Castelo Branco
158288,,ok,ok,,,350538864657957,EMEF Castelo Branco
158289,,ok,ok,,,350538864663484,EMEF Castelo Branco
158294,,ok,ok,,,350538862742967,EMEF Castelo Branco
156010,,ok,ok,,,350538864357335,EMEF Ceará
156011,,ok,ok,,,350538864357426,EMEF Ceará
156012,,ok,ok,,,350538864363259,EMEF Ceará
156013,,ok,ok,,,350538864357756,EMEF Ceará
156014,,ok,ok,,,350538864363341,EMEF Ceará
156015,,ok,ok,,,350538864357830,EMEF Ceará
156016,,ok,ok,,,350538864357319,EMEF Ceará
156017,,ok,ok,,,350538864474478,EMEF Ceará
156018,,ok,ok,,,350538864357814,EMEF Ceará
156019,,ok,ok,,,350538864358358,EMEF Ceará
156020,,ok,ok,,,350538864851550,EMEF Ceará
156021,,ok,ok,,,350538864851519,EMEF Ceará
156022,,,,,BO em 26/12/24,350538864851493,EMEF Ceará
156023,,ok,ok,,,350538864852541,EMEF Ceará
156024,,ok,ok,,,350538864852657,EMEF Ceará
156025,,ok,ok,,,350538864852624,EMEF Ceará
156026,,ok,ok,,,350538864851584,EMEF Ceará
156027,,ok,ok,,,350538864852673,EMEF Ceará
156028,,ok,ok,,,350538864859439,EMEF Ceará
156029,,ok,ok,,,350538864854455,EMEF Ceará
156030,,,,,BO em 26/12/24,350538864869925,EMEF Ceará
156031,,ok,ok,,,350538864869792,EMEF Ceará
156032,,ok,ok,,,350538864867614,EMEF Ceará
156033,,ok,ok,,,350538864699090,EMEF Ceará
156034,,ok,ok,,,350538864877464,EMEF Ceará
156035,,ok,ok,,,350538864867192,EMEF Ceará
156036,,ok,ok,,,350538864873679,EMEF Ceará
156037,,ok,ok,,,350538864867564,EMEF Ceará
156038,,ok,ok,,,350538864878520,EMEF Ceará
156039,,ok,ok,,,350538864705574,EMEF Ceará
156040,,ok,ok,,,350538864463034,EMEF Ceará
156041,,ok,ok,,,350538864365387,EMEF Ceará
156042,,ok,ok,,,350538864368068,EMEF Ceará
156043,,ok,ok,,,350538864367730,EMEF Ceará
156044,,ok,ok,,,350538864367821,EMEF Ceará
156045,,ok,ok,,,350538864367011,EMEF Ceará
156046,,ok,ok,,,350538864367383,EMEF Ceará
156047,,ok,ok,,,350538864368324,EMEF Ceará
156048,,ok,ok,,,350538864367243,EMEF Ceará
156049,,ok,ok,,,350538864366021,EMEF Ceará
156050,,ok,ok,,,350538864424572,EMEF Ceará
156051,,ok,ok,,,350538864416362,EMEF Ceará
156052,,ok,ok,,,350538864394304,EMEF Ceará
156053,,ok,ok,,,350538864923755,EMEF Ceará
156054,,ok,ok,,,350538864393868,EMEF Ceará
156055,,ok,ok,,,350538864420414,EMEF Ceará
156056,,ok,ok,,,350538864417196,EMEF Ceará
156057,,ok,ok,,,350538864373555,EMEF Ceará
156058,,ok,ok,,,350538864385088,EMEF Ceará
156059,,ok,ok,,,350538864393850,EMEF Ceará
156060,,ok,ok,,,350538864801100,EMEF Ceará
156061,,ok,ok,,,350538864802561,EMEF Ceará
156062,,ok,ok,,,350538864801217,EMEF Ceará
156063,,ok,ok,,,350538864802405,EMEF Ceará
156064,,ok,ok,,,350538864801183,EMEF Ceará
156065,,ok,ok,,,350538864800755,EMEF Ceará
156066,,ok,ok,,,350538864800888,EMEF Ceará
156067,,,,,BO em 26/12/24,350538864802496,EMEF Ceará
156068,,ok,ok,,,350538864802678,EMEF Ceará
156069,,ok,ok,,,350538864802488,EMEF Ceará
156070,,ok,ok,,,350538865196799,EMEF Ceará
156071,,ok,ok,,,350538865127604,EMEF Ceará
156072,,ok,ok,,,350538865143643,EMEF Ceará
156073,,ok,ok,,,350538865172766,EMEF Ceará
156074,,ok,ok,,,350538865129386,EMEF Ceará
156075,,ok,ok,,,350538865126192,EMEF Ceará
156076,,ok,ok,,,350538865127463,EMEF Ceará
156077,,ok,ok,,,350538865127505,EMEF Ceará
156078,,ok,ok,,,350538865125830,EMEF Ceará
156079,,ok,ok,,,350538865173616,EMEF Ceará
156080,,ok,ok,,,350538864839951,EMEF Ceará
156081,,ok,ok,,,350538864840314,EMEF Ceará
156082,,ok,ok,,,350538864852277,EMEF Ceará
156083,,ok,ok,,,350538864837575,EMEF Ceará
156084,,ok,ok,,,350538864785709,EMEF Ceará
156085,,ok,ok,,,350538864845743,EMEF Ceará
156086,,ok,ok,,,350538864837641,EMEF Ceará
156087,,ok,ok,,,350538864783076,EMEF Ceará
156088,,ok,ok,,,350538864838276,EMEF Ceará
156089,,ok,ok,,,350538864836122,EMEF Ceará
156830,,ok,ok,,,350538865047646,EMEF Coronel Pinto Bandeira
156831,,ok,ok,,,350538865044734,EMEF Coronel Pinto Bandeira
156832,,ok,ok,,,350538865067099,EMEF Coronel Pinto Bandeira
156833,,ok,ok,,,350538865047950,EMEF Coronel Pinto Bandeira
156834,,ok,ok,,,350538865047448,EMEF Coronel Pinto Bandeira
156835,,ok,ok,,,350538865040419,EMEF Coronel Pinto Bandeira
156836,,ok,ok,,,350538865041920,EMEF Coronel Pinto Bandeira
156837,,ok,BO em 12/12/25,,,350538865040682,EMEF Coronel Pinto Bandeira
156838,,ok,ok,,,350538865072438,EMEF Coronel Pinto Bandeira
156839,,ok,ok,,,350538865067719,EMEF Coronel Pinto Bandeira
156840,,ok,ok,,,350538864462614,EMEF Coronel Pinto Bandeira
156841,,ok,ok,,,350538864459776,EMEF Coronel Pinto Bandeira
156842,,ok,ok,,,350538864371351,EMEF Coronel Pinto Bandeira
156843,,ok,ok,,,350538864371328,EMEF Coronel Pinto Bandeira
156844,,ok,ok,,,350538864461111,EMEF Coronel Pinto Bandeira
156845,,ok,ok,,,350538864459966,EMEF Coronel Pinto Bandeira
156846,,ok,ok,,,350538864371419,EMEF Coronel Pinto Bandeira
156847,,ok,ok,,,350538864460949,EMEF Coronel Pinto Bandeira
156848,,ok,ok,,,350538864460345,EMEF Coronel Pinto Bandeira
156849,,ok,ok,,,350538864460238,EMEF Coronel Pinto Bandeira
156850,,ok,ok,,,350538864365452,EMEF Coronel Pinto Bandeira
156851,,ok,ok,,,350538864366682,EMEF Coronel Pinto Bandeira
156852,,ok,ok,,,350538864462325,EMEF Coronel Pinto Bandeira
156853,,ok,BO em 12/12/25,,,350538864369553,EMEF Coronel Pinto Bandeira
156854,,ok,ok,,,350538864367599,EMEF Coronel Pinto Bandeira
156855,,ok,ok,,,350538864367672,EMEF Coronel Pinto Bandeira
156856,,ok,ok,,,350538864366492,EMEF Coronel Pinto Bandeira
156857,,ok,ok,,,350538864365635,EMEF Coronel Pinto Bandeira
156858,,ok,ok,,,350538864369207,EMEF Coronel Pinto Bandeira
156859,,ok,ok,,,350538864368084,EMEF Coronel Pinto Bandeira
156860,,ok,ok,,,350538864171298,EMEF Coronel Pinto Bandeira
156861,,ok,ok,,,350538864176875,EMEF Coronel Pinto Bandeira
156862,,ok,ok,,,350538864176750,EMEF Coronel Pinto Bandeira
156863,,ok,ok,,,350538864173237,EMEF Coronel Pinto Bandeira
156864,,ok,ok,,,350538864171330,EMEF Coronel Pinto Bandeira
156865,,ok,ok,,,350538864303180,EMEF Coronel Pinto Bandeira
156866,,ok,BO em 12/12/25,,,350538864292532,EMEF Coronel Pinto Bandeira
156867,,ok,ok,,,350538864173252,EMEF Coronel Pinto Bandeira
156868,,ok,ok,,,350538864304014,EMEF Coronel Pinto Bandeira
156869,,ok,BO em 12/12/25,,,350538864176842,EMEF Coronel Pinto Bandeira
156870,,ok,ok,,,350538864114736,EMEF Coronel Pinto Bandeira
156871,,ok,BO em 12/12/25,,,350538864121657,EMEF Coronel Pinto Bandeira
156872,,ok,ok,,,350538864115378,EMEF Coronel Pinto Bandeira
156873,,ok,ok,,,350538864115808,EMEF Coronel Pinto Bandeira
156874,,ok,ok,,,350538864142638,EMEF Coronel Pinto Bandeira
156875,,ok,ok,,,350538864114058,EMEF Coronel Pinto Bandeira
156876,,ok,ok,,,350538864114678,EMEF Coronel Pinto Bandeira
156877,,ok,BO em 12/12/25,,,350538864116780,EMEF Coronel Pinto Bandeira
156878,,ok,ok,,,350538864121434,EMEF Coronel Pinto Bandeira
156879,,ok,ok,,,350538864115279,EMEF Coronel Pinto Bandeira
156880,,ok,ok,,,350538864797647,EMEF Coronel Pinto Bandeira
156881,,ok,ok,,,350538864799833,EMEF Coronel Pinto Bandeira
156882,,ok,ok,,,350538864793661,EMEF Coronel Pinto Bandeira
156883,,ok,ok,,,350538864799189,EMEF Coronel Pinto Bandeira
156884,,ok,ok,,,350538864792671,EMEF Coronel Pinto Bandeira
156885,,ok,ok,,,350538864789818,EMEF Coronel Pinto Bandeira
156886,,ok,ok,,,350538864791343,EMEF Coronel Pinto Bandeira
156887,,ok,ok,,,350538864793174,EMEF Coronel Pinto Bandeira
156888,,ok,ok,,,350538864807016,EMEF Coronel Pinto Bandeira
156889,,ok,ok,,,350538864795450,EMEF Coronel Pinto Bandeira
156890,,ok,ok,,,350538864798231,EMEF Coronel Pinto Bandeira
156891,,ok,ok,,,350538864793687,EMEF Coronel Pinto Bandeira
156892,,ok,ok,,,350538864798165,EMEF Coronel Pinto Bandeira
156893,,ok,ok,,,350538864798850,EMEF Coronel Pinto Bandeira
156894,,ok,BO em 12/12/25,,,350538864799643,EMEF Coronel Pinto Bandeira
156895,,ok,ok,,,350538864794453,EMEF Coronel Pinto Bandeira
156896,,ok,ok,,,350538864798140,EMEF Coronel Pinto Bandeira
156897,,ok,ok,,,350538864800862,EMEF Coronel Pinto Bandeira
156898,,ok,ok,,,350538864796789,EMEF Coronel Pinto Bandeira
156899,,BO em 15/08/23,,,,350538864797019,EMEF Coronel Pinto Bandeira
156900,,ok,ok,,,350538864795542,EMEF Coronel Pinto Bandeira
156901,,ok,ok,,,350538864796383,EMEF Coronel Pinto Bandeira
156902,,ok,ok,,,350538864799064,EMEF Coronel Pinto Bandeira
156903,,ok,ok,,,350538864797167,EMEF Coronel Pinto Bandeira
156904,,ok,ok,,,350538864795062,EMEF Coronel Pinto Bandeira
156905,,ok,ok,,,350538864797134,EMEF Coronel Pinto Bandeira
156906,,ok,ok,,,350538864795047,EMEF Coronel Pinto Bandeira
156907,,ok,BO em 12/12/25,,,350538864795567,EMEF Coronel Pinto Bandeira
156908,,ok,ok,,,350538864796391,EMEF Coronel Pinto Bandeira
156909,,ok,ok,,,350538864797183,EMEF Coronel Pinto Bandeira
156910,,ok,ok,,,350538863778895,EMEF Coronel Pinto Bandeira
156911,,ok,ok,,,350538863779869,EMEF Coronel Pinto Bandeira
156912,,ok,ok,,,350538863777343,EMEF Coronel Pinto Bandeira
156913,,ok,ok,,,350538863777798,EMEF Coronel Pinto Bandeira
156914,,ok,ok,,,350538863781006,EMEF Coronel Pinto Bandeira
156915,,ok,ok,,,350538863775214,EMEF Coronel Pinto Bandeira
156916,,ok,ok,,,350538863779786,EMEF Coronel Pinto Bandeira
156917,,ok,ok,,,350538863774662,EMEF Coronel Pinto Bandeira
156918,,ok,ok,,,350538863776691,EMEF Coronel Pinto Bandeira
156919,,ok,ok,,,350538863781931,EMEF Coronel Pinto Bandeira
156920,,ok,ok,,,350538865125749,EMEF Coronel Pinto Bandeira
156921,,ok,ok,,,350538865128016,EMEF Coronel Pinto Bandeira
156922,,ok,BO em 12/12/25,,,350538865173558,EMEF Coronel Pinto Bandeira
156923,,ok,ok,,,350538865128354,EMEF Coronel Pinto Bandeira
156924,,ok,ok,,,350538865138627,EMEF Coronel Pinto Bandeira
156925,,ok,ok,,,350538865137181,EMEF Coronel Pinto Bandeira
156926,,ok,ok,,,350538865173582,EMEF Coronel Pinto Bandeira
156927,,ok,ok,,,350538865125848,EMEF Coronel Pinto Bandeira
156928,,ok,ok,,,350538865173608,EMEF Coronel Pinto Bandeira
156929,,ok,ok,,,350538865125855,EMEF Coronel Pinto Bandeira
158050,,ok,ok,,,350538864478099,EMEF Coronel Pinto Bandeira
158051,,ok,ok,,,350538864472324,EMEF Coronel Pinto Bandeira
158052,,ok,ok,,,350538864466631,EMEF Coronel Pinto Bandeira
158053,,ok,ok,,,350538864473926,EMEF Coronel Pinto Bandeira
158054,,ok,ok,,,350538864466532,EMEF Coronel Pinto Bandeira
157300,,ok,ok,,,350538864993493,EMEF David Canabarro
157301,,ok,ok,,,350538864992602,EMEF David Canabarro
157302,,ok,ok,,,350538864992594,EMEF David Canabarro
157303,,ok,ok,,,350538864993550,EMEF David Canabarro
157304,,ok,ok,,,350538865000520,EMEF David Canabarro
157305,,ok,ok,,,350538864993212,EMEF David Canabarro
157306,,ok,ok,,,350538864992511,EMEF David Canabarro
157307,,ok,ok,,,350538864992560,EMEF David Canabarro
157308,,ok,ok,,,350538864993782,EMEF David Canabarro
157309,,ok,ok,,,350538864994962,EMEF David Canabarro
157310,,ok,ok,,,350538865129352,EMEF David Canabarro
157311,,ok,ok,,,350538865148451,EMEF David Canabarro
157312,,ok,ok,,,350538865196997,EMEF David Canabarro
157313,,ok,ok,,,350538865199546,EMEF David Canabarro
157314,,ok,ok,,,350538865197334,EMEF David Canabarro
157315,,ok,ok,,,350538865125889,EMEF David Canabarro
157316,,ok,ok,,,350538865134592,EMEF David Canabarro
157317,,ok,ok,,,350538865138734,EMEF David Canabarro
157318,,ok,ok,,,350538865128230,EMEF David Canabarro
157319,,ok,ok,,,350538865126689,EMEF David Canabarro
157320,,ok,ok,,,350538863785247,EMEF David Canabarro
157321,,ok,ok,,,350538863765801,EMEF David Canabarro
157322,,ok,ok,,,350538863761107,EMEF David Canabarro
157323,,ok,ok,,,350538863773649,EMEF David Canabarro
157324,Sim,,,,,350538863778689,EMEF David Canabarro
157325,,ok,ok,,,350538863761180,EMEF David Canabarro
157326,,ok,ok,,,350538863761222,EMEF David Canabarro
157327,,ok,ok,,,350538863775537,EMEF David Canabarro
157328,,ok,ok,,,350538863766858,EMEF David Canabarro
157329,,ok,ok,,,350538863782475,EMEF David Canabarro
157330,,ok,ok,,,350538864926998,EMEF David Canabarro
157331,,ok,ok,,,350538864913210,EMEF David Canabarro
157332,,ok,ok,,,350538864937938,EMEF David Canabarro
157333,,ok,ok,,,350538864909341,EMEF David Canabarro
157334,,ok,ok,,,350538864909663,EMEF David Canabarro
157335,,ok,ok,,,350538864909549,EMEF David Canabarro
157336,,ok,ok,,,350538864917765,EMEF David Canabarro
157337,,ok,ok,,,350538864907337,EMEF David Canabarro
157338,,ok,ok,,,350538864910943,EMEF David Canabarro
157339,,ok,ok,,,350538864915223,EMEF David Canabarro
157340,,ok,ok,,,350538864938597,EMEF David Canabarro
157341,,ok,ok,,,350538864418558,EMEF David Canabarro
157342,,ok,ok,,,350538864421297,EMEF David Canabarro
157343,,ok,ok,,,350538864419762,EMEF David Canabarro
157344,,ok,ok,,,350538864392613,EMEF David Canabarro
157345,,ok,ok,,,350538864420455,EMEF David Canabarro
157346,,ok,ok,,,350538864418996,EMEF David Canabarro
157347,,ok,ok,,,350538864392753,EMEF David Canabarro
157348,,ok,ok,,,350538864938522,EMEF David Canabarro
157349,,ok,ok,,,350538864421230,EMEF David Canabarro
157350,,ok,ok,,,350538864775676,EMEF David Canabarro
157351,,ok,ok,,,350538865197011,EMEF David Canabarro
157352,,ok,ok,,,350538865216589,EMEF David Canabarro
157353,,ok,ok,,,350538865139971,EMEF David Canabarro
157354,,ok,ok,,,350538865212398,EMEF David Canabarro
157355,,ok,ok,,,350538865142942,EMEF David Canabarro
157356,,ok,ok,,,350538865140680,EMEF David Canabarro
157357,,ok,ok,,,350538865216696,EMEF David Canabarro
157358,,ok,ok,,,350538865197409,EMEF David Canabarro
157359,,ok,ok,,,350538865140342,EMEF David Canabarro
157360,,ok,ok,,,350538864464420,EMEF David Canabarro
157361,,ok,ok,,,350538864367847,EMEF David Canabarro
157362,,ok,ok,,,350538864367953,EMEF David Canabarro
157363,,ok,ok,,,350538864367086,EMEF David Canabarro
157364,,ok,ok,,,350538864367284,EMEF David Canabarro
157365,,ok,ok,,,350538864368290,EMEF David Canabarro
157366,,ok,ok,,,350538864473710,EMEF David Canabarro
157367,,ok,ok,,,350538864366872,EMEF David Canabarro
157368,,ok,ok,,,350538864368381,EMEF David Canabarro
157369,Sim,,,,,350538864367052,EMEF David Canabarro
157370,,ok,ok,,,350538864460626,EMEF David Canabarro
157371,,ok,ok,,,350538864465286,EMEF David Canabarro
157372,,ok,ok,,,350538864459826,EMEF David Canabarro
157373,,ok,ok,,,350538864460592,EMEF David Canabarro
157374,,ok,ok,,,350538864481671,EMEF David Canabarro
157375,,ok,ok,,,350538864467415,EMEF David Canabarro
157376,Sim,,,,,350538864463349,EMEF David Canabarro
157377,,ok,ok,,,350538864460667,EMEF David Canabarro
157378,,ok,ok,,,350538864460584,EMEF David Canabarro
157379,Sim,,,,,350538864463240,EMEF David Canabarro
156370,,ok,ok,,,350538864368209,EMEF Doutor Nelson Paim Terra
156371,,ok,ok,,,350538864367227,EMEF Doutor Nelson Paim Terra
156372,,ok,ok,,,350538864468934,EMEF Doutor Nelson Paim Terra
156373,,ok,ok,,,350538864366765,EMEF Doutor Nelson Paim Terra
156375,,ok,ok,,,350538864465807,EMEF Doutor Nelson Paim Terra
156376,,ok,ok,,,350538864367003,EMEF Doutor Nelson Paim Terra
156378,,ok,ok,,,350538864366468,EMEF Doutor Nelson Paim Terra
156379,,ok,ok,,,350538864367920,EMEF Doutor Nelson Paim Terra
156380,,ok,ok,,,350538865058379,EMEF Doutor Nelson Paim Terra
156930,,ok,ok,,,350538865211705,EMEF Doutor Nelson Paim Terra
156931,sim,,,,Não,350538865221159,EMEF Doutor Nelson Paim Terra
156932,sim,,,,Não,350538865219567,EMEF Doutor Nelson Paim Terra
156933,,ok,ok,,,350538865211754,EMEF Doutor Nelson Paim Terra
156934,sim,,,,Não,350538865213925,EMEF Doutor Nelson Paim Terra
156935,,ok,ok,,,350538865215771,EMEF Doutor Nelson Paim Terra
156936,sim,,,,Não,350538865213982,EMEF Doutor Nelson Paim Terra
156937,sim,,,,Não,350538865212208,EMEF Doutor Nelson Paim Terra
156938,sim,,,,Não,350538865213602,EMEF Doutor Nelson Paim Terra
156939,,ok,ok,,,350538865208438,EMEF Doutor Nelson Paim Terra
156940,,ok,ok,,,350538864291278,EMEF Doutor Nelson Paim Terra
156941,,ok,ok,,,350538864291922,EMEF Doutor Nelson Paim Terra
156942,,ok,ok,,,350538864440339,EMEF Doutor Nelson Paim Terra
156943,sim,,,,Não,350538864292037,EMEF Doutor Nelson Paim Terra
156944,sim,,,,Não,350538864432120,EMEF Doutor Nelson Paim Terra
156945,,ok,ok,,,350538864434050,EMEF Doutor Nelson Paim Terra
156946,sim,,,,Não,350538864432013,EMEF Doutor Nelson Paim Terra
156947,,ok,ok,,,350538864433821,EMEF Doutor Nelson Paim Terra
156948,,ok,ok,,,350538864435941,EMEF Doutor Nelson Paim Terra
156949,sim,,,,Não,350538864291674,EMEF Doutor Nelson Paim Terra
156950,sim,,,,Não,350538862675860,EMEF Doutor Nelson Paim Terra
156951,,ok,ok,,,350538862686495,EMEF Doutor Nelson Paim Terra
156952,sim,,,,Não,350538862685422,EMEF Doutor Nelson Paim Terra
156953,sim,,,,Não,350538862686321,EMEF Doutor Nelson Paim Terra
156954,sim,,,,Não,350538862676181,EMEF Doutor Nelson Paim Terra
156955,,ok,ok,,,350538862658577,EMEF Doutor Nelson Paim Terra
156956,,ok,ok,,,350538862632994,EMEF Doutor Nelson Paim Terra
156957,,ok,ok,,,350538862682627,EMEF Doutor Nelson Paim Terra
156958,sim,,,,Não,350538862690943,EMEF Doutor Nelson Paim Terra
156959,sim,,,,Não,350538862687212,EMEF Doutor Nelson Paim Terra
156960,sim,,,,Não,350538864370890,EMEF Doutor Nelson Paim Terra
156961,,ok,ok,,,350538864459321,EMEF Doutor Nelson Paim Terra
156962,sim,,,,Não,350538864370999,EMEF Doutor Nelson Paim Terra
156963,sim,,,,Não,350538864371062,EMEF Doutor Nelson Paim Terra
156964,,ok,ok,,,350538864459271,EMEF Doutor Nelson Paim Terra
156965,,ok,ok,,,350538864371138,EMEF Doutor Nelson Paim Terra
156966,,ok,ok,,,350538864467795,EMEF Doutor Nelson Paim Terra
156967,sim,,,,Não,350538864460642,EMEF Doutor Nelson Paim Terra
156968,,ok,ok,,,350538864459461,EMEF Doutor Nelson Paim Terra
156969,,ok,ok,,,350538864459479,EMEF Doutor Nelson Paim Terra
156970,,ok,ok,,,350538864801209,EMEF Doutor Nelson Paim Terra
156971,,ok,ok,,,350538864801225,EMEF Doutor Nelson Paim Terra
156972,,ok,ok,,,350538864800714,EMEF Doutor Nelson Paim Terra
156973,sim,,,,Não,350538864801811,EMEF Doutor Nelson Paim Terra
156974,,ok,ok,,,350538864910703,EMEF Doutor Nelson Paim Terra
156975,sim,,,,Não,350538864801688,EMEF Doutor Nelson Paim Terra
156976,sim,,,,Não,350538864801761,EMEF Doutor Nelson Paim Terra
156977,,ok,ok,,,350538864801399,EMEF Doutor Nelson Paim Terra
156978,sim,,,,Não,350538864801803,EMEF Doutor Nelson Paim Terra
156979,sim,,,,Não,350538864801977,EMEF Doutor Nelson Paim Terra
156990,,ok,ok,,,350538865125954,EMEF Doutor Nelson Paim Terra
156991,,ok,ok,,,350538865141522,EMEF Doutor Nelson Paim Terra
156992,,ok,ok,,,350538865138247,EMEF Doutor Nelson Paim Terra
156993,,ok,ok,,,350538865138932,EMEF Doutor Nelson Paim Terra
156994,,ok,ok,,,350538865172717,EMEF Doutor Nelson Paim Terra
156995,sim,,,,Não,350538865127471,EMEF Doutor Nelson Paim Terra
156996,sim,,,,Não,350538865125897,EMEF Doutor Nelson Paim Terra
156997,sim,,,,Não,350538865136472,EMEF Doutor Nelson Paim Terra
156998,sim,,,,Não,350538865173343,EMEF Doutor Nelson Paim Terra
156999,,ok,ok,,,350538865138015,EMEF Doutor Nelson Paim Terra
154730,,ok,ok,,,350538865218809,EMEF Duque de Caxias
154731,,ok,ok,,,350538865216720,EMEF Duque de Caxias
154732,,ok,ok,,,350538865218908,EMEF Duque de Caxias
154733,,ok,ok,,,350538865215524,EMEF Duque de Caxias
154734,,ok,ok,,,350538865216035,EMEF Duque de Caxias
154735,,ok,ok,,,350538865218635,EMEF Duque de Caxias
154736,,ok,ok,,,350538865218320,EMEF Duque de Caxias
154737,,ok,ok,,,350538865215532,EMEF Duque de Caxias
154738,,ok,ok,,,350538865216001,EMEF Duque de Caxias
154739,,ok,ok,,,350538865218791,EMEF Duque de Caxias
154740,,ok,,,Estragado,350538863775396,EMEF Duque de Caxias
154741,,ok,ok,,,350538863764226,EMEF Duque de Caxias
154742,,ok,ok,,,350538863777772,EMEF Duque de Caxias
154743,,ok,ok,,,350538863760026,EMEF Duque de Caxias
154744,,ok,ok,,,350538863761099,EMEF Duque de Caxias
154745,,ok,ok,,,350538863760174,EMEF Duque de Caxias
154746,,ok,ok,,,350538863773896,EMEF Duque de Caxias
154747,,ok,ok,,,350538863766320,EMEF Duque de Caxias
154748,,ok,ok,,,350538863766353,EMEF Duque de Caxias
154749,,ok,ok,,,350538862754129,EMEF Duque de Caxias
154750,,ok,ok,,,350538865161546,EMEF Duque de Caxias
154751,,ok,ok,,,350538865161561,EMEF Duque de Caxias
154752,,ok,ok,,,350538865130897,EMEF Duque de Caxias
154753,,ok,ok,,,350538865130756,EMEF Duque de Caxias
154754,,ok,ok,,,350538865130640,EMEF Duque de Caxias
154755,,ok,ok,,,350538865130954,EMEF Duque de Caxias
154756,,ok,ok,,,350538865161363,EMEF Duque de Caxias
154757,,ok,ok,,,350538865161405,EMEF Duque de Caxias
154758,,ok,ok,,,350538865130962,EMEF Duque de Caxias
154759,,ok,ok,,,350538865130665,EMEF Duque de Caxias
158055,,ok,ok,,,350538864473173,EMEF Duque de Caxias
158056,,ok,ok,,,350538864120204,EMEF Duque de Caxias
158057,,ok,ok,,,350538864466581,EMEF Duque de Caxias
158058,,ok,ok,,,350538864480525,EMEF Duque de Caxias
158059,,ok,ok,,,350538864473439,EMEF Duque de Caxias
155430,,ok,ok,,,350538865145259,EMEF ENGENHEIRO ILDO MENEGHETTI
155431,,ok,ok,,,350538865144948,EMEF ENGENHEIRO ILDO MENEGHETTI
155432,,ok,ok,,,350538865145044,EMEF ENGENHEIRO ILDO MENEGHETTI
155433,,ok,ok,,,350538865145648,EMEF ENGENHEIRO ILDO MENEGHETTI
155434,,ok,ok,,,350538865147164,EMEF ENGENHEIRO ILDO MENEGHETTI
155435,,ok,ok,,,350538865196807,EMEF ENGENHEIRO ILDO MENEGHETTI
155436,,ok,ok,,,350538865145036,EMEF ENGENHEIRO ILDO MENEGHETTI
155437,,ok,ok,,,350538865203470,EMEF ENGENHEIRO ILDO MENEGHETTI
155438,,ok,ok,,,350538865203637,EMEF ENGENHEIRO ILDO MENEGHETTI
155439,,ok,ok,,,350538865218270,EMEF ENGENHEIRO ILDO MENEGHETTI
155440,,ok,ok,,,350538865212786,EMEF ENGENHEIRO ILDO MENEGHETTI
155441,,ok,ok,,,350538865219468,EMEF ENGENHEIRO ILDO MENEGHETTI
155442,,ok,ok,,,350538865209543,EMEF ENGENHEIRO ILDO MENEGHETTI
155443,,ok,ok,,,350538865218924,EMEF ENGENHEIRO ILDO MENEGHETTI
155444,,ok,ok,,,350538865212646,EMEF ENGENHEIRO ILDO MENEGHETTI
155445,,ok,ok,,,350538865214949,EMEF ENGENHEIRO ILDO MENEGHETTI
155446,,ok,ok,,,350538865209931,EMEF ENGENHEIRO ILDO MENEGHETTI
155447,,ok,ok,,,350538865212760,EMEF ENGENHEIRO ILDO MENEGHETTI
155448,,ok,ok,,,350538865215706,EMEF ENGENHEIRO ILDO MENEGHETTI
155449,,ok,ok,,,350538865209998,EMEF ENGENHEIRO ILDO MENEGHETTI
155450,,ok,ok,,,350538865217405,EMEF ENGENHEIRO ILDO MENEGHETTI
155451,,ok,ok,,,350538865213016,EMEF ENGENHEIRO ILDO MENEGHETTI
155452,,ok,ok,,,350538865213578,EMEF ENGENHEIRO ILDO MENEGHETTI
155453,,ok,ok,,,350538865214246,EMEF ENGENHEIRO ILDO MENEGHETTI
155454,,ok,ok,,,350538865213420,EMEF ENGENHEIRO ILDO MENEGHETTI
155455,,ok,ok,,,350538865213271,EMEF ENGENHEIRO ILDO MENEGHETTI
155456,,ok,ok,,,350538865213628,EMEF ENGENHEIRO ILDO MENEGHETTI
155457,,ok,ok,,,350538865218031,EMEF ENGENHEIRO ILDO MENEGHETTI
155458,,ok,ok,,,350538865212604,EMEF ENGENHEIRO ILDO MENEGHETTI
155459,,ok,ok,,,350538865214139,EMEF ENGENHEIRO ILDO MENEGHETTI
155460,,ok,ok,,,350538863760463,EMEF ENGENHEIRO ILDO MENEGHETTI
155461,,ok,ok,,,350538863775727,EMEF ENGENHEIRO ILDO MENEGHETTI
155462,,ok,ok,,,350538863777228,EMEF ENGENHEIRO ILDO MENEGHETTI
155463,,ok,estragado,,,350538863759952,EMEF ENGENHEIRO ILDO MENEGHETTI
155464,,ok,ok,,,350538863764564,EMEF ENGENHEIRO ILDO MENEGHETTI
155465,,ok,ok,,,350538863771403,EMEF ENGENHEIRO ILDO MENEGHETTI
155466,,ok,ok,,,350538863758921,EMEF ENGENHEIRO ILDO MENEGHETTI
155467,,ok,ok,,,350538863764085,EMEF ENGENHEIRO ILDO MENEGHETTI
155468,,ok,ok,,,350538863783028,EMEF ENGENHEIRO ILDO MENEGHETTI
155469,,ok,ok,,,350538863769746,EMEF ENGENHEIRO ILDO MENEGHETTI
155470,,ok,ok,,,350538865198175,EMEF ENGENHEIRO ILDO MENEGHETTI
155471,,ok,ok,,,350538865201367,EMEF ENGENHEIRO ILDO MENEGHETTI
155472,,ok,ok,,,350538865215722,EMEF ENGENHEIRO ILDO MENEGHETTI
155473,,ok,ok,,,350538865199355,EMEF ENGENHEIRO ILDO MENEGHETTI
155474,,ok,ok,,,350538865203827,EMEF ENGENHEIRO ILDO MENEGHETTI
155475,,ok,ok,,,350538865198274,EMEF ENGENHEIRO ILDO MENEGHETTI
155476,,ok,ok,,,350538865145309,EMEF ENGENHEIRO ILDO MENEGHETTI
155477,,ok,ok,,,350538865198738,EMEF ENGENHEIRO ILDO MENEGHETTI
155478,,ok,ok,,,350538865198043,EMEF ENGENHEIRO ILDO MENEGHETTI
155479,,ok,ok,,,350538865199470,EMEF ENGENHEIRO ILDO MENEGHETTI
155480,,ok,ok,,,350538865203413,EMEF ENGENHEIRO ILDO MENEGHETTI
155481,,ok,ok,,,350538865201813,EMEF ENGENHEIRO ILDO MENEGHETTI
155482,,ok,ok,,,350538865199124,EMEF ENGENHEIRO ILDO MENEGHETTI
155483,,ok,ok,,,350538865139922,EMEF ENGENHEIRO ILDO MENEGHETTI
155484,,ok,ok,,,350538865140011,EMEF ENGENHEIRO ILDO MENEGHETTI
155485,,ok,ok,,,350538865199884,EMEF ENGENHEIRO ILDO MENEGHETTI
155486,,ok,ok,,,350538865200815,EMEF ENGENHEIRO ILDO MENEGHETTI
155487,,ok,ok,,,350538865202795,EMEF ENGENHEIRO ILDO MENEGHETTI
155488,,ok,ok,,,350538865213487,EMEF ENGENHEIRO ILDO MENEGHETTI
155489,,ok,ok,,,350538865205236,EMEF ENGENHEIRO ILDO MENEGHETTI
155490,,ok,ok,,,350538864366633,EMEF ERNA WURTH
155491,,ok,ok,,,350538864462291,EMEF ERNA WURTH
155492,,ok,ok,,,350538864462366,EMEF ERNA WURTH
155493,,ok,ok,,,350538864462937,EMEF ERNA WURTH
155494,,ok,ok,,,350538864463471,EMEF ERNA WURTH
155495,,ok,ok,,,350538864367540,EMEF ERNA WURTH
155496,,ok,ok,,,350538864367532,EMEF ERNA WURTH
155497,,ok,ok,,,350538864369827,EMEF ERNA WURTH
155498,,ok,ok,,,350538864120295,EMEF ERNA WURTH
155499,,ok,ok,,,350538864465781,EMEF ERNA WURTH
155502,,ok,ok,,,350538865203538,EMEF ERNA WURTH
155503,,ok,ok,,,350538865143247,EMEF ERNA WURTH
155504,,ok,ok,,,350538865206689,EMEF ERNA WURTH
155505,,ok,ok,,,350538865146117,EMEF ERNA WURTH
155507,,ok,ok,,,350538865145630,EMEF ERNA WURTH
155508,,ok,ok,,,350538865146059,EMEF ERNA WURTH
155509,,ok,ok,,,350538865143510,EMEF ERNA WURTH
155510,,ok,ok,,,350538864476176,EMEF ERNA WURTH
155512,,ok,ok,,,350538864461798,EMEF ERNA WURTH
155513,,ok,ok,,,350538864463968,EMEF ERNA WURTH
155514,,ok,ok,,,350538864463760,EMEF ERNA WURTH
155515,,ok,ok,,,350538864461061,EMEF ERNA WURTH
155516,,ok,ok,,,350538864462143,EMEF ERNA WURTH
155517,,ok,ok,,,350538864466383,EMEF ERNA WURTH
155518,,ok,ok,,,350538864465328,EMEF ERNA WURTH
155519,,ok,ok,,,350538864463919,EMEF ERNA WURTH
155526,,ok,ok,,,350538865143395,EMEF ERNA WURTH
155530,,ok,ok,,,350538864791327,EMEF ERNA WURTH
155531,,ok,ok,,,350538864932608,EMEF ERNA WURTH
155532,,ok,ok,,,350538864798868,EMEF ERNA WURTH
155533,,ok,ok,,,350538864791251,EMEF ERNA WURTH
155534,,ok,ok,,,350538864791558,EMEF ERNA WURTH
155535,,ok,ok,,,350538864793281,EMEF ERNA WURTH
155536,,ok,ok,,,350538864794834,EMEF ERNA WURTH
155537,,ok,ok,,,350538864791939,EMEF ERNA WURTH
155538,,ok,ok,,,350538864807826,EMEF ERNA WURTH
155539,,ok,ok,,,350538864793463,EMEF ERNA WURTH
155542,,ok,ok,,,350538865148139,EMEF ERNA WURTH
155568,,ok,ok,,,350538865177039,EMEF ERNA WURTH
155581,,ok,ok,,,350538863789066,EMEF ERNA WURTH
155582,,ok,ok,,,350538863978289,EMEF ERNA WURTH
155584,,ok,ok,,,350538863786724,EMEF ERNA WURTH
155589,,ok,ok,,,350538863978362,EMEF ERNA WURTH
155590,,ok,ok,,,350538864370189,EMEF ERNA WURTH
155593,,ok,ok,,,350538864467217,EMEF ERNA WURTH
155595,,ok,ok,,,350538864465393,EMEF ERNA WURTH
155596,,ok,ok,,,350538864460683,EMEF ERNA WURTH
155597,,ok,ok,,,350538864369991,EMEF ERNA WURTH
155598,,ok,ok,,,350538864465567,EMEF ERNA WURTH
155599,,ok,ok,,,350538864460568,EMEF ERNA WURTH
155600,,ok,ok,,,350538865218890,EMEF ERNA WURTH
155601,,ok,ok,,,350538865219120,EMEF ERNA WURTH
155602,,ok,ok,,,350538865219005,EMEF ERNA WURTH
155603,,ok,ok,,,350538865216928,EMEF ERNA WURTH
155604,,ok,ok,,,350538865215839,EMEF ERNA WURTH
155605,,ok,ok,,,350538864918722,EMEF ERNA WURTH
155606,,ok,ok,,,350538865216464,EMEF ERNA WURTH
155607,,ok,ok,,,350538865219286,EMEF ERNA WURTH
155608,,ok,ok,,,350538865217181,EMEF ERNA WURTH
155609,,ok,ok,,,350538865219666,EMEF ERNA WURTH
155611,,ok,ok,,,350538865145358,EMEF ERNA WURTH
155612,,ok,ok,,,350538865144195,EMEF ERNA WURTH
155613,,ok,ok,,,350538865146463,EMEF ERNA WURTH
155614,,ok,ok,,,350538865200872,EMEF ERNA WURTH
155615,,ok,ok,,,350538865145465,EMEF ERNA WURTH
155616,,ok,ok,,,350538865144823,EMEF ERNA WURTH
155617,,ok,ok,,,350538865145200,EMEF ERNA WURTH
155618,,ok,ok,,,350538865145408,EMEF ERNA WURTH
155619,,ok,ok,,,350538865146257,EMEF ERNA WURTH
155620,,ok,ok,,,350538863777350,EMEF ERNA WURTH
155621,,ok,ok,,,350538863759853,EMEF ERNA WURTH
155622,,ok,ok,,,350538863764754,EMEF ERNA WURTH
155623,,ok,ok,,,350538863768813,EMEF ERNA WURTH
155624,,ok,ok,,,350538864222109,EMEF ERNA WURTH
155625,,ok,ok,,,350538863764283,EMEF ERNA WURTH
155626,,ok,ok,,,350538863764648,EMEF ERNA WURTH
155627,,ok,ok,,,350538863772559,EMEF ERNA WURTH
155628,,ok,ok,,,350538863764457,EMEF ERNA WURTH
155629,,ok,ok,,,350538863772153,EMEF ERNA WURTH
157981,,ok,ok,,,350538864795591,EMEF Erna Wurth
157982,,ok,ok,,,350538864794156,EMEF Erna Wurth
157985,,ok,ok,,,350538864794990,EMEF Erna Wurth
157987,,ok,ok,,,350538864798264,EMEF Erna Wurth
157988,,ok,ok,,,350538864796201,EMEF Erna Wurth
157989,,ok,ok,,,350538864796904,EMEF Erna Wurth
154900,,ok,ok,,,350538864460493,EMEF Farroupilha
154901,,ok,ok,,,350538864461087,EMEF Farroupilha
154902,,ok,ok,,,350538864470385,EMEF Farroupilha
154905,,ok,ok,,,350538864118497,EMEF Farroupilha
154906,,ok,ok,,,350538864370809,EMEF Farroupilha
154907,,ok,ok,,,350538864368910,EMEF Farroupilha
154908,,ok,ok,,,350538864476887,EMEF Farroupilha
154911,,ok,ok,,,350538865198639,EMEF Farroupilha
154912,,ok,ok,,,350538865199744,EMEF Farroupilha
154914,,ok,ok,,,350538865218916,EMEF Farroupilha
154915,,ok,ok,,,350538865200104,EMEF Farroupilha
154917,,ok,ok,,,350538865219013,EMEF Farroupilha
154918,,ok,ok,,,350538865143916,EMEF Farroupilha
154919,,ok,BO em 19/11/25,,,350538865145382,EMEF Farroupilha
154920,,ok,ok,,,350538863770447,EMEF Farroupilha
154921,,ok,ok,,,350538863769696,EMEF Farroupilha
154923,,ok,ok,,,350538863773664,EMEF Farroupilha
154924,,ok,ok,,,350538863771270,EMEF Farroupilha
154926,,ok,ok,,,350538863774282,EMEF Farroupilha
154927,,ok,ok,,,350538863776972,EMEF Farroupilha
154928,,ok,ok,,,350538863769639,EMEF Farroupilha
154929,,ok,ok,ok,,350538863771296,EMEF Farroupilha
154930,,ok,ok,,,350538864854539,EMEF Farroupilha
154931,,ok,ok,,,350538864867689,EMEF Farroupilha
154932,,ok,ok,,,350538864853978,EMEF Farroupilha
154933,,ok,ok,,,350538864854778,EMEF Farroupilha
154934,,ok,BO em 19/11/25,,,350538864704098,EMEF Farroupilha
154935,,ok,ok,,,350538864855767,EMEF Farroupilha
154936,,ok,ok,,,350538864854265,EMEF Farroupilha
154937,,ok,BO em 19/11/25,,,350538864854604,EMEF Farroupilha
154938,,ok,ok,,,350538864861039,EMEF Farroupilha
154939,,ok,ok,,,350538864854828,EMEF Farroupilha
154940,,ok,ok,,,350538864474387,EMEF Farroupilha
154941,,ok,ok,,,350538864467035,EMEF Farroupilha
154942,,ok,ok,,,350538864463448,EMEF Farroupilha
154945,,ok,ok,,,350538864474379,EMEF Farroupilha
154946,,ok,ok,,,350538864364562,EMEF Farroupilha
154947,,ok,ok,,,350538864470153,EMEF Farroupilha
154948,,ok,ok,,,350538864467001,EMEF Farroupilha
154949,,ok,ok,,,350538864477505,EMEF Farroupilha
158070,,ok,ok,,,350538862604639,EMEF Farroupilha
158071,,ok,ok,,,350538862599441,EMEF Farroupilha
158072,,ok,ok,,,350538862675571,EMEF Farroupilha
158223,,ok,,,,350538864932939,EMEF Farroupilha
158400,,ok,ok,,,350538864909903,EMEF Farroupilha
158401,,ok,ok,,,350538864937573,EMEF Farroupilha
158402,,ok,ok,,,350538864937813,EMEF Farroupilha
158403,,ok,ok,,,350538864906206,EMEF Farroupilha
158404,,ok,ok,,,350538865093905,EMEF Farroupilha
158405,,ok,ok,,,350538864906669,EMEF Farroupilha
158406,,ok,ok,,,350538865216068,EMEF Farroupilha
158407,,ok,ok,,,350538864937466,EMEF Farroupilha
158408,,ok,ok,,,350538865147040,EMEF Farroupilha
158409,,ok,ok,,,350538864936864,EMEF Farroupilha
158410,,ok,ok,,,350538864937540,EMEF Farroupilha
158411,,ok,ok,,,350538865213289,EMEF Farroupilha
158412,,ok,ok,,,350538864937011,EMEF Farroupilha
158413,,ok,ok,,,350538865217660,EMEF Farroupilha
158414,,ok,ok,,,350538864937268,EMEF Farroupilha
158415,,ok,ok,,,350538865217025,EMEF Farroupilha
158416,,ok,ok,,,350538865216472,EMEF Farroupilha
158417,,ok,ok,,,350538865216639,EMEF Farroupilha
158418,,ok,ok,,,350538865217595,EMEF Farroupilha
158419,,ok,ok,,,350538865218973,EMEF Farroupilha
158420,,ok,BO em 19/11/25,,,350538865217017,EMEF Farroupilha
158421,,ok,ok,,,350538863761909,EMEF Farroupilha
158422,,ok,ok,,,350538863963190,EMEF Farroupilha
158423,,ok,ok,,,350538863763848,EMEF Farroupilha
158424,,ok,ok,,,350538863759135,EMEF Farroupilha
158425,,ok,ok,,,350538863759507,EMEF Farroupilha
158426,,ok,ok,,,350538864222430,EMEF Farroupilha
158427,,ok,ok,,,350538863771197,EMEF Farroupilha
158428,,ok,ok,,,350538864222455,EMEF Farroupilha
158429,,ok,ok,,,350538864222471,EMEF Farroupilha
158430,,ok,ok,,,350538865178219,EMEF Farroupilha
158431,,ok,ok,,,350538865174069,EMEF Farroupilha
158432,,ok,ok,,,350538865174614,EMEF Farroupilha
158435,,ok,BO em 19/11/25,,,350538865176015,EMEF Farroupilha
158436,,BO em 20/12/24,,,,350538865123330,EMEF Farroupilha
158437,,ok,ok,,,350538865174051,EMEF Farroupilha
158438,,ok,ok,,,350538865188747,EMEF Farroupilha
158439,,ok,ok,,,350538865125046,EMEF Farroupilha
158440,,BO em 21/11/24,,,,350538865126853,EMEF Farroupilha
158441,,ok,ok,,,350538865138585,EMEF Farroupilha
158442,,BO em 21/11/24,,,,350538865138346,EMEF Farroupilha
158443,,ok,ok,,,350538865138981,EMEF Farroupilha
158444,,ok,ok,,,350538865142157,EMEF Farroupilha
158445,,BO em 20/12/24,,,,350538865134584,EMEF Farroupilha
158446,,ok,ok,,,350538865134691,EMEF Farroupilha
158447,,ok,ok,,,350538865209667,EMEF Farroupilha
158448,,ok,ok,,,350538865135573,EMEF Farroupilha
158449,,ok,ok,,,350538865134337,EMEF Farroupilha
158695,,ok,ok,,,350538864812909,EMEF Farroupilha
158696,,ok,ok,,,350538864813212,EMEF Farroupilha
158697,,ok,ok,,,350538864775569,EMEF Farroupilha
155800,,,ok,ok,,350538864792622,EMEF General Antônio de Souza Netto
155801,,,ok,ok,,350538864789636,EMEF General Antônio de Souza Netto
155802,,,ok,ok,,350538864807032,EMEF General Antônio de Souza Netto
155803,,,ok,ok,,350538864790683,EMEF General Antônio de Souza Netto
155804,,,ok,ok,,350538864809327,EMEF General Antônio de Souza Netto
155805,,,ok,ok,,350538864807719,EMEF General Antônio de Souza Netto
155806,,,ok,ok,,350538864794420,EMEF General Antônio de Souza Netto
155807,,,ok,ok,,350538864806976,EMEF General Antônio de Souza Netto
155808,,,ok,ok,,350538864809038,EMEF General Antônio de Souza Netto
155809,,,ok,ok,,350538864791293,EMEF General Antônio de Souza Netto
155810,,,ok,ok,,350538864791426,EMEF General Antônio de Souza Netto
155811,,,ok,ok,,350538864799254,EMEF General Antônio de Souza Netto
155812,,,ok,ok,,350538864791434,EMEF General Antônio de Souza Netto
155813,,,ok,ok,,350538864800342,EMEF General Antônio de Souza Netto
155814,,,ok,ok,,350538864807024,EMEF General Antônio de Souza Netto
155815,,,ok,ok,,350538864798181,EMEF General Antônio de Souza Netto
155816,,,ok,ok,,350538864800391,EMEF General Antônio de Souza Netto
155817,,,ok,ok,,350538864796458,EMEF General Antônio de Souza Netto
155818,,,ok,ok,,350538864800680,EMEF General Antônio de Souza Netto
155819,,,ok,ok,,350538864791061,EMEF General Antônio de Souza Netto
155820,,,,,BO realizado em 16/12/25 ,350538863781063,EMEF General Antônio de Souza Netto
155821,,,ok,ok,,350538863783002,EMEF General Antônio de Souza Netto
155822,,,ok,ok,,350538863770322,EMEF General Antônio de Souza Netto
155823,,,ok,ok,,350538863789942,EMEF General Antônio de Souza Netto
155824,,,ok,ok,,350538863769803,EMEF General Antônio de Souza Netto
155825,,,ok,ok,,350538863773706,EMEF General Antônio de Souza Netto
155826,,,ok,ok,,350538863771643,EMEF General Antônio de Souza Netto
155827,,,ok,ok,,350538863783531,EMEF General Antônio de Souza Netto
155828,,,ok,ok,,350538863774829,EMEF General Antônio de Souza Netto
155829,,,ok,ok,,350538863783408,EMEF General Antônio de Souza Netto
155830,,,ok,ok,,350538864121459,EMEF General Antônio de Souza Netto
155831,,,ok,ok,,350538864138990,EMEF General Antônio de Souza Netto
155832,,,ok,ok,,350538864138925,EMEF General Antônio de Souza Netto
155833,,,ok,,BO realizado em 16/12/25 ,350538864138867,EMEF General Antônio de Souza Netto
155834,,,ok,ok,,350538864121392,EMEF General Antônio de Souza Netto
155835,,,ok,ok,,350538864129221,EMEF General Antônio de Souza Netto
155836,,,ok,ok,,350538864122085,EMEF General Antônio de Souza Netto
155837,,,ok,ok,,350538864124255,EMEF General Antônio de Souza Netto
155838,,,ok,ok,,350538864141648,EMEF General Antônio de Souza Netto
155839,,,ok,ok,,350538864158089,EMEF General Antônio de Souza Netto
155840,,,ok,ok,,350538864869412,EMEF General Antônio de Souza Netto
155841,,,ok,ok,,350538864871087,EMEF General Antônio de Souza Netto
155842,,,ok,ok,,350538864869503,EMEF General Antônio de Souza Netto
155843,,,ok,ok,,350538864867309,EMEF General Antônio de Souza Netto
155844,,,ok,ok,,350538864871475,EMEF General Antônio de Souza Netto
155845,,,ok,ok,,350538864867218,EMEF General Antônio de Souza Netto
155846,,,ok,ok,,350538864869685,EMEF General Antônio de Souza Netto
155847,,,ok,ok,,350538864710111,EMEF General Antônio de Souza Netto
155848,,,ok,ok,,350538864872663,EMEF General Antônio de Souza Netto
155849,,,ok,ok,,350538864873067,EMEF General Antônio de Souza Netto
155850,,,ok,ok,,350538865213305,EMEF General Antônio de Souza Netto
155851,,,ok,ok,,350538865209030,EMEF General Antônio de Souza Netto
155852,,,ok,ok,,350538865202761,EMEF General Antônio de Souza Netto
155853,,,ok,ok,,350538865211762,EMEF General Antônio de Souza Netto
155854,,,ok,ok,,350538865208669,EMEF General Antônio de Souza Netto
155855,,,ok,ok,,350538865211234,EMEF General Antônio de Souza Netto
155856,,,ok,ok,,350538865211473,EMEF General Antônio de Souza Netto
155857,,,ok,ok,,350538865211226,EMEF General Antônio de Souza Netto
155858,,,ok,ok,,350538865215318,EMEF General Antônio de Souza Netto
155859,,,ok,ok,,350538865212976,EMEF General Antônio de Souza Netto
158065,,,ok,ok,,350538864800854,EMEF General Antônio de Souza Netto
158066,,,ok,ok,,350538864929984,EMEF General Antônio de Souza Netto
158067,,,ok,ok,,350538864801944,EMEF General Antônio de Souza Netto
158068,,,ok,ok,,350538864793968,EMEF General Antônio de Souza Netto
158069,,,ok,ok,,350538864801407,EMEF General Antônio de Souza Netto
156981,sim,,,,Não,350538864985572,EMEF General Osório
156982,sim,,,,Não,350538865000512,EMEF General Osório
156983,,ok,ok,,,350538864985234,EMEF General Osório
156984,,ok,ok,,,350538864995902,EMEF General Osório
156985,sim,,,,Não,350538864987313,EMEF General Osório
156986,,ok,ok,,,350538864986562,EMEF General Osório
156987,,ok,ok,,,350538864987321,EMEF General Osório
156988,,ok,ok,,,350538864986141,EMEF General Osório
156989,sim,,,,Não,350538864986679,EMEF General Osório
157000,,,,,BO realizado em 07/01/2026,350538864660548,EMEF General Osório
157001,sim,,,,Não,350538864683573,EMEF General Osório
157002,sim,,,,Não,350538864682765,EMEF General Osório
157003,,ok,ok,,,350538864684282,EMEF General Osório
157004,,ok,,,BO realizado em 07/01/2026,350538864683839,EMEF General Osório
157005,sim,,,,Não,350538864683672,EMEF General Osório
157006,,ok,,,BO realizado em 07/01/2026,350538864683581,EMEF General Osório
157007,sim,,,,Não,350538864663120,EMEF General Osório
157008,sim,,,,Não,350538864683920,EMEF General Osório
157009,sim,,,,Não,350538864683912,EMEF General Osório
157010,,ok,,,BO realizado em 07/01/2026,350538864683177,EMEF General Osório
157011,sim,,,,Não,350538864684415,EMEF General Osório
157012,sim,,,,Não,350538864682781,EMEF General Osório
157013,sim,,,,Não,350538864682328,EMEF General Osório
157014,,ok,,,BO realizado em 07/01/2026,350538864658138,EMEF General Osório
157015,,ok,,,BO realizado em 07/01/2026,350538864684134,EMEF General Osório
157016,sim,,,,Não,350538864684324,EMEF General Osório
157017,,ok,,,BO realizado em 07/01/2026,350538864682419,EMEF General Osório
157018,,ok,,,BO realizado em 07/01/2026,350538864682898,EMEF General Osório
157019,,ok,,,BO realizado em 07/01/2026,350538864684696,EMEF General Osório
157020,,ok,,,BO realizado em 07/01/2026,350538864508382,EMEF General Osório
157021,,ok,,,BO realizado em 07/01/2026,350538864356774,EMEF General Osório
157022,sim,,,,Não,350538864466052,EMEF General Osório
157023,,ok,,,BO realizado em 07/01/2026,350538864466870,EMEF General Osório
157024,,ok,,,BO realizado em 07/01/2027,350538864358515,EMEF General Osório
157025,,ok,,,BO realizado em 07/01/2028,350538864368902,EMEF General Osório
157026,sim,,,,Não,350538864467787,EMEF General Osório
157027,,ok,,,BO realizado em 07/01/2026,350538864357533,EMEF General Osório
157028,sim,,,,BO realizado em 07/01/2026,350538864357905,EMEF General Osório
157029,sim,,,,Não,350538864505925,EMEF General Osório
157030,,ok,,,BO realizado em 07/01/2026,350538865142868,EMEF General Osório
157031,sim,,,,Não,350538865199538,EMEF General Osório
157032,,ok,,,BO realizado em 07/01/2026,350538865199306,EMEF General Osório
157033,sim,,,,Não,350538865145515,EMEF General Osório
157034,,ok,,,BO realizado em 07/01/2026,350538865148477,EMEF General Osório
157035,sim,,,,Não,350538865142405,EMEF General Osório
157036,sim,,,,Não,350538865207596,EMEF General Osório
157037,sim,,,,Não,350538865200724,EMEF General Osório
157038,sim,,,,BO realizado em 07/01/2026,350538865197920,EMEF General Osório
157039,sim,,,,Não,350538865198449,EMEF General Osório
157040,sim,,,,Não,350538864444356,EMEF General Osório
157041,,ok,,,BO realizado em 07/01/2026,350538864448894,EMEF General Osório
157042,sim,,,,Não,350538864447227,EMEF General Osório
157043,sim,,,,Não,350538864435891,EMEF General Osório
157044,,ok,,,BO realizado em 07/01/2026,350538864447367,EMEF General Osório
157045,,ok,,,BO realizado em 07/01/2026,350538864443572,EMEF General Osório
157046,sim,,,,Não,350538864273128,EMEF General Osório
157047,sim,,,,Não,350538864435917,EMEF General Osório
157048,sim,,,,Não,350538864283903,EMEF General Osório
157049,sim,,,,Não,350538864435875,EMEF General Osório
157050,sim,,,,Não,350538865198860,EMEF General Osório
157051,sim,,,,Não,350538865200146,EMEF General Osório
157052,,ok,,,BO realizado em 07/01/2026,350538865216886,EMEF General Osório
157053,,ok,,,BO realizado em 07/01/2027,350538865147941,EMEF General Osório
157054,sim,,,,Não,350538865200062,EMEF General Osório
157055,sim,,,,Não,350538865200187,EMEF General Osório
157056,sim,,,,Não,350538865144765,EMEF General Osório
157057,sim,,,,Não,350538865199611,EMEF General Osório
157058,sim,,,,BO realizado em 07/01/2026,350538865146653,EMEF General Osório
157059,,ok,,,BO realizado em 07/01/2026,350538865217629,EMEF General Osório
157060,sim,,,,Não,350538864794610,EMEF General Osório
157061,sim,,,,Não,350538864801233,EMEF General Osório
157062,sim,,,,Não,350538864794107,EMEF General Osório
157063,sim,,,,Não,350538864793620,EMEF General Osório
157064,sim,,,,Não,350538864798397,EMEF General Osório
157065,sim,,,,Não,350538864809319,EMEF General Osório
157066,,ok,,,BO realizado em 07/01/2026,350538864794172,EMEF General Osório
157067,,ok,,,BO realizado em 07/01/2026,350538864793786,EMEF General Osório
157068,sim,,,,Não,350538864796748,EMEF General Osório
157069,sim,,,,Não,350538864793869,EMEF General Osório
158350,,ok,ok,,,350538865166982,EMEF General Osório
158351,,ok,ok,,,350538865161579,EMEF General Osório
158352,,ok,ok,,,350538865170729,EMEF General Osório
158353,,ok,ok,,,350538865131408,EMEF General Osório
158354,,ok,ok,,,350538864461624,EMEF General Osório
158355,,ok,ok,,,350538865166024,EMEF General Osório
158356,,ok,ok,,,350538865168335,EMEF General Osório
158357,,ok,,,BO realizado em 07/01/2026,350538865146273,EMEF General Osório
158358,,ok,ok,,,350538865166552,EMEF General Osório
158359,,ok,ok,,,350538865172824,EMEF General Osório
158360,sim,,,,Não,350538865093459,EMEF General Osório
158361,sim,,,,Não,350538865090869,EMEF General Osório
158362,sim,,,,Não,350538865091362,EMEF General Osório
158363,sim,,,,Não,350538865091818,EMEF General Osório
158364,sim,,,,Não,350538865091826,EMEF General Osório
158365,sim,,,,Não,350538864466516,EMEF General Osório
158366,sim,,,,Não,350538864466227,EMEF General Osório
158367,sim,,,,Não,350538864466276,EMEF General Osório
158368,sim,,,,Não,350538864463281,EMEF General Osório
158369,sim,,,,Não,350538865090927,EMEF General Osório
158370,sim,,,,Não,350538864459644,EMEF General Osório
158371,sim,,,,Não,350538864459529,EMEF General Osório
158372,sim,,,,Não,350538864473355,EMEF General Osório
158373,sim,,,,Não,350538864460717,EMEF General Osório
158374,sim,,,,Não,350538865091396,EMEF General Osório
158375,sim,,,,Não,350538864371450,EMEF General Osório
158376,sim,,,,Não,350538864459420,EMEF General Osório
158377,sim,,,,Não,350538865092311,EMEF General Osório
158378,sim,,,,Não,350538865133727,EMEF General Osório
158379,sim,,,,Não,350538865130889,EMEF General Osório
158380,sim,,,,Não,350538865130970,EMEF General Osório
158381,sim,,,,Não,350538865161520,EMEF General Osório
158382,sim,,,,Não,350538865131119,EMEF General Osório
158383,sim,,,,Não,350538865123074,EMEF General Osório
158384,sim,,,,Não,350538865166131,EMEF General Osório
158385,sim,,,,Não,350538865131382,EMEF General Osório
158386,sim,,,,Não,350538865165877,EMEF General Osório
158387,sim,,,,Não,350538865166016,EMEF General Osório
158388,sim,,,,Não,350538865133719,EMEF General Osório
158389,sim,,,,Não,350538864459412,EMEF General Osório
158390,,ok,ok,,,350538864460840,EMEF General Osório
158391,,ok,ok,,,350538864460006,EMEF General Osório
158392,,ok,ok,,,350538864459735,EMEF General Osório
158393,,ok,ok,,,350538864459925,EMEF General Osório
158394,,ok,ok,,,350538864461343,EMEF General Osório
158395,,ok,,,BO realizado em 07/01/2026,350538864460964,EMEF General Osório
158396,,ok,ok,,,350538864372029,EMEF General Osório
158397,,ok,ok,,,350538864506386,EMEF General Osório
158398,,ok,ok,,,350538864465294,EMEF General Osório
158399,,ok,ok,,,350538864459586,EMEF General Osório
158665,,ok,ok,,,350538864416263,EMEF General Osório
158669,,ok,,ok,BO realizado em 07/01/2026 LOCALIZADO!,350538864418608,EMEF General Osório
158675,,ok,,,BO realizado em 07/01/2028 LOCALIZADO!,350538864391987,EMEF General Osório
158684,,ok,ok,,,350538864807685,EMEF General Osório
158686,,ok,ok,,,350538865218452,EMEF General Osório
158688,,ok,,,Quebrado,350538865219427,EMEF General Osório
158690,,ok,ok,,,350538863765074,EMEF General Osório
154225,,ok,ok,,,350538864878314,EMEF Gonçalves Dias
154790,,ok,ok,,,350538865146596,EMEF Gonçalves Dias
154791,,ok,ok,,,350538865140656,EMEF Gonçalves Dias
154792,,ok,ok,,,350538865142629,EMEF Gonçalves Dias
154793,,ok,ok,,,350538865141191,EMEF Gonçalves Dias
154794,,ok,ok,,,350538865139856,EMEF Gonçalves Dias
154795,,ok,ok,,,350538865197490,EMEF Gonçalves Dias
154796,,ok,ok,,,350538865140938,EMEF Gonçalves Dias
154797,,ok,ok,,,350538865140839,EMEF Gonçalves Dias
154798,,ok,ok,,,350538865139872,EMEF Gonçalves Dias
154799,,ok,ok,,,350538865140847,EMEF Gonçalves Dias
154800,,ok,ok,,,350538865200567,EMEF Gonçalves Dias
154801,,ok,ok,,,350538865145580,EMEF Gonçalves Dias
154802,,ok,ok,,,350538865200948,EMEF Gonçalves Dias
154803,,ok,ok,,,350538865205517,EMEF Gonçalves Dias
154804,,ok,ok,,,350538865143445,EMEF Gonçalves Dias
154805,,ok,ok,,,350538865200526,EMEF Gonçalves Dias
154806,,ok,ok,,,350538865146091,EMEF Gonçalves Dias
154807,,ok,ok,,,350538865144583,EMEF Gonçalves Dias
154808,,ok,ok,,,350538865145614,EMEF Gonçalves Dias
154809,,ok,ok,,,350538865145952,EMEF Gonçalves Dias
158010,,ok,ok,,,350538865208487,EMEF Gonçalves Dias
158011,sim,,,,Não,350538865211515,EMEF Gonçalves Dias
158012,,ok,ok,,,350538865206739,EMEF Gonçalves Dias
158013,sim,,,,Não,350538865206879,EMEF Gonçalves Dias
158014,,ok,ok,,,350538865216191,EMEF Gonçalves Dias
158015,,ok,ok,,,350538865208545,EMEF Gonçalves Dias
158016,,ok,ok,,,350538865216217,EMEF Gonçalves Dias
158017,,ok,ok,,,350538865206770,EMEF Gonçalves Dias
158018,,ok,ok,,,350538865209709,EMEF Gonçalves Dias
158019,,ok,ok,,,350538865211168,EMEF Gonçalves Dias
158698,,ok,ok,,,350538865204528,EMEF Gonçalves Dias
158699,,ok,ok,,,350538865146893,EMEF Gonçalves Dias
158700,,ok,ok,,,350538864401802,EMEF Gonçalves Dias
158701,,ok,ok,,,350538864371310,EMEF Gonçalves Dias
158702,,ok,ok,,,350538864460212,EMEF Gonçalves Dias
158703,,ok,ok,,,350538864466177,EMEF Gonçalves Dias
158704,,ok,ok,,,350538865214006,EMEF Gonçalves Dias
158705,,ok,ok,,,350538865208503,EMEF Gonçalves Dias
158706,,ok,ok,,,350538865218668,EMEF Gonçalves Dias
158707,,ok,ok,,,350538865092345,EMEF Gonçalves Dias
158708,,ok,ok,,,350538863763335,EMEF Gonçalves Dias
158709,,ok,ok,,,350538865206515,EMEF Gonçalves Dias
158725,,ok,ok,,,350538864119404,EMEF Gonçalves Dias
158726,,ok,ok,,,350538863763343,EMEF Gonçalves Dias
158727,,ok,ok,,,350538863783325,EMEF Gonçalves Dias
158728,,ok,ok,,,350538863773565,EMEF Gonçalves Dias
158729,,ok,ok,,,350538863768342,EMEF Gonçalves Dias
158730,,ok,ok,,,350538863777087,EMEF Gonçalves Dias
158731,,ok,ok,,,350538863768904,EMEF Gonçalves Dias
158732,,ok,ok,,,350538863762568,EMEF Gonçalves Dias
158733,BO em 23/12/24,,,,,350538863763129,EMEF Gonçalves Dias
158734,,ok,ok,,,350538863767351,EMEF Gonçalves Dias
158735,,ok,ok,,,350538863763558,EMEF Gonçalves Dias
156430,,ok,ok,,,350538864796953,EMEF Governador Leonel de Moura Brizola
156431,,ok,ok,,,350538864915876,EMEF Governador Leonel de Moura Brizola
156432,,ok,ok,,,350538864919027,EMEF Governador Leonel de Moura Brizola
156433,,ok,ok,,,350538864796938,EMEF Governador Leonel de Moura Brizola
156434,,ok,ok,,,350538864796292,EMEF Governador Leonel de Moura Brizola
156435,,ok,ok,,,350538864796367,EMEF Governador Leonel de Moura Brizola
156436,,ok,ok,,,350538864796409,EMEF Governador Leonel de Moura Brizola
156437,,ok,ok,,,350538864916221,EMEF Governador Leonel de Moura Brizola
156438,,ok,ok,,,350538864801605,EMEF Governador Leonel de Moura Brizola
156439,,ok,ok,,,350538864797092,EMEF Governador Leonel de Moura Brizola
156440,,ok,ok,,,350538864823021,EMEF Governador Leonel de Moura Brizola
156441,,ok,ok,,,350538864822957,EMEF Governador Leonel de Moura Brizola
156442,,ok,ok,,,350538864822940,EMEF Governador Leonel de Moura Brizola
156443,,ok,ok,,,350538864823880,EMEF Governador Leonel de Moura Brizola
156444,,ok,Aguardando BO,,,350538864823369,EMEF Governador Leonel de Moura Brizola
156445,,ok,ok,,,350538864824029,EMEF Governador Leonel de Moura Brizola
156446,,ok,Aguardando BO,,,350538864826230,EMEF Governador Leonel de Moura Brizola
156447,,ok,ok,,,350538864785980,EMEF Governador Leonel de Moura Brizola
156448,,ok,ok,,,350538864777789,EMEF Governador Leonel de Moura Brizola
156449,,ok,ok,,,350538864775783,EMEF Governador Leonel de Moura Brizola
156450,,ok,Aguardando BO,,,350538863770017,EMEF Governador Leonel de Moura Brizola
156451,,ok,ok,,,350538863774860,EMEF Governador Leonel de Moura Brizola
156452,,ok,ok,,,350538863775313,EMEF Governador Leonel de Moura Brizola
156453,,ok,ok,,,350538863774910,EMEF Governador Leonel de Moura Brizola
156454,,ok,ok,,,350538863775818,EMEF Governador Leonel de Moura Brizola
156455,,ok,ok,,,350538863778127,EMEF Governador Leonel de Moura Brizola
156456,,ok,ok,,,350538863774456,EMEF Governador Leonel de Moura Brizola
156457,,ok,ok,,,350538863770009,EMEF Governador Leonel de Moura Brizola
156458,,ok,ok,,,350538863771940,EMEF Governador Leonel de Moura Brizola
156459,,ok,ok,,,350538863780412,EMEF Governador Leonel de Moura Brizola
156460,,ok,ok,,,350538863787649,EMEF Governador Leonel de Moura Brizola
156461,,ok,ok,,,350538863786856,EMEF Governador Leonel de Moura Brizola
156462,,ok,ok,,,350538863785932,EMEF Governador Leonel de Moura Brizola
156463,,ok,ok,,,350538863786005,EMEF Governador Leonel de Moura Brizola
156464,,ok,ok,,,350538863965070,EMEF Governador Leonel de Moura Brizola
156465,,ok,ok,,,350538863786666,EMEF Governador Leonel de Moura Brizola
156466,,ok,ok,,,350538863786187,EMEF Governador Leonel de Moura Brizola
156467,,ok,ok,,,350538863787540,EMEF Governador Leonel de Moura Brizola
156468,,ok,Aguardando BO,,,350538863786286,EMEF Governador Leonel de Moura Brizola
156469,,ok,ok,,,350538863787599,EMEF Governador Leonel de Moura Brizola
156470,,ok,ok,,,350538863761958,EMEF Governador Leonel de Moura Brizola
156471,,ok,ok,,,350538864141283,EMEF Governador Leonel de Moura Brizola
156472,,ok,ok,,,350538864121251,EMEF Governador Leonel de Moura Brizola
156473,,ok,ok,,,350538864119206,EMEF Governador Leonel de Moura Brizola
156474,,ok,ok,,,350538864117259,EMEF Governador Leonel de Moura Brizola
156475,,ok,ok,,,350538864118232,EMEF Governador Leonel de Moura Brizola
156476,,ok,ok,,,350538864140988,EMEF Governador Leonel de Moura Brizola
156477,,ok,ok,,,350538864118166,EMEF Governador Leonel de Moura Brizola
156478,,ok,ok,,,350538864118570,EMEF Governador Leonel de Moura Brizola
156479,,ok,ok,,,350538864118208,EMEF Governador Leonel de Moura Brizola
156480,,ok,ok,,,350538865212455,EMEF Governador Leonel de Moura Brizola
156481,,ok,ok,,,350538865211333,EMEF Governador Leonel de Moura Brizola
156482,,ok,ok,,,350538865206143,EMEF Governador Leonel de Moura Brizola
156483,,ok,ok,,,350538865213321,EMEF Governador Leonel de Moura Brizola
156484,,ok,ok,,,350538865207166,EMEF Governador Leonel de Moura Brizola
156485,,ok,ok,,,350538865216282,EMEF Governador Leonel de Moura Brizola
156486,,ok,ok,,,350538865148410,EMEF Governador Leonel de Moura Brizola
156487,,ok,ok,,,350538865206051,EMEF Governador Leonel de Moura Brizola
156488,,ok,ok,,,350538865211556,EMEF Governador Leonel de Moura Brizola
156489,,ok,ok,,,350538865197151,EMEF Governador Leonel de Moura Brizola
156490,,ok,ok,,,350538865202886,EMEF Governador Leonel de Moura Brizola
156491,,ok,ok,,,350538865202381,EMEF Governador Leonel de Moura Brizola
156492,,ok,ok,,,350538865202779,EMEF Governador Leonel de Moura Brizola
156493,,ok,ok,,,350538865202951,EMEF Governador Leonel de Moura Brizola
156494,,ok,ok,,,350538865213214,EMEF Governador Leonel de Moura Brizola
156495,,ok,ok,,,350538865211382,EMEF Governador Leonel de Moura Brizola
156496,,ok,ok,,,350538865202654,EMEF Governador Leonel de Moura Brizola
156497,,ok,ok,,,350538865126044,EMEF Governador Leonel de Moura Brizola
156498,,ok,ok,,,350538865126051,EMEF Governador Leonel de Moura Brizola
156499,,ok,ok,,,350538865137355,EMEF Governador Leonel de Moura Brizola
156500,,ok,ok,,,350538864792259,EMEF Governador Leonel de Moura Brizola
156501,,ok,ok,,,350538864794818,EMEF Governador Leonel de Moura Brizola
156502,,ok,ok,,,350538864793497,EMEF Governador Leonel de Moura Brizola
156503,,ok,ok,,,350538864794487,EMEF Governador Leonel de Moura Brizola
156504,,ok,ok,,,350538864809350,EMEF Governador Leonel de Moura Brizola
156505,,ok,ok,,,350538864790188,EMEF Governador Leonel de Moura Brizola
156506,,ok,ok,,,350538864799817,EMEF Governador Leonel de Moura Brizola
156507,,ok,ok,,,350538864792291,EMEF Governador Leonel de Moura Brizola
156508,,ok,ok,,,350538864795211,EMEF Governador Leonel de Moura Brizola
156509,,ok,ok,,,350538864795468,EMEF Governador Leonel de Moura Brizola
156510,,ok,ok,,,350538864669267,EMEF Governador Leonel de Moura Brizola
156511,,ok,ok,,,350538864681791,EMEF Governador Leonel de Moura Brizola
156512,,ok,ok,,,350538864746578,EMEF Governador Leonel de Moura Brizola
156513,,ok,ok,,,350538864747832,EMEF Governador Leonel de Moura Brizola
156514,,ok,ok,,,350538864678540,EMEF Governador Leonel de Moura Brizola
156515,,ok,ok,,,350538864681908,EMEF Governador Leonel de Moura Brizola
156516,,ok,ok,,,350538864747766,EMEF Governador Leonel de Moura Brizola
156517,,ok,ok,,,350538864681809,EMEF Governador Leonel de Moura Brizola
156518,,ok,ok,,,350538864747683,EMEF Governador Leonel de Moura Brizola
156519,,ok,ok,,,350538864746289,EMEF Governador Leonel de Moura Brizola
156520,,ok,ok,,,350538864358119,EMEF Governador Leonel de Moura Brizola
156521,,ok,ok,,,350538864358291,EMEF Governador Leonel de Moura Brizola
156522,,ok,ok,,,350538864359935,EMEF Governador Leonel de Moura Brizola
156523,,ok,ok,,,350538864360248,EMEF Governador Leonel de Moura Brizola
156524,,ok,ok,,,350538864358903,EMEF Governador Leonel de Moura Brizola
156525,,ok,ok,,,350538864358473,EMEF Governador Leonel de Moura Brizola
156526,,ok,ok,,,350538864358457,EMEF Governador Leonel de Moura Brizola
156527,,ok,ok,,,350538864357665,EMEF Governador Leonel de Moura Brizola
156528,,ok,ok,,,350538864358010,EMEF Governador Leonel de Moura Brizola
156529,,ok,ok,,,350538864462341,EMEF Governador Leonel de Moura Brizola
158300,,ok,ok,,,350538864986323,EMEF Governador Leonel de Moura Brizola
158301,,ok,ok,,,350538864986315,EMEF Governador Leonel de Moura Brizola
158302,,ok,ok,,,350538865057843,EMEF Governador Leonel de Moura Brizola
158303,,ok,ok,,,350538864986232,EMEF Governador Leonel de Moura Brizola
158304,,ok,ok,,,350538864987677,EMEF Governador Leonel de Moura Brizola
158305,,ok,ok,,,350538864986273,EMEF Governador Leonel de Moura Brizola
158306,,ok,ok,,,350538864987685,EMEF Governador Leonel de Moura Brizola
158307,,ok,ok,,,350538865041912,EMEF Governador Leonel de Moura Brizola
158308,,ok,ok,,,350538864986745,EMEF Governador Leonel de Moura Brizola
158309,,ok,ok,,,350538864987735,EMEF Governador Leonel de Moura Brizola
158310,,ok,ok,,,350538864418442,EMEF Governador Leonel de Moura Brizola
158311,,ok,ok,,,350538864393405,EMEF Governador Leonel de Moura Brizola
158312,,ok,ok,,,350538864418368,EMEF Governador Leonel de Moura Brizola
158313,,ok,ok,,,350538864419366,EMEF Governador Leonel de Moura Brizola
158340,,ok,ok,,,350538865029800,EMEF Governador Leonel de Moura Brizola
158341,,ok,ok,,,350538865029727,EMEF Governador Leonel de Moura Brizola
158342,,ok,ok,,,350538865029511,EMEF Governador Leonel de Moura Brizola
158343,,ok,ok,,,350538864984088,EMEF Governador Leonel de Moura Brizola
158344,,ok,ok,,,350538864989376,EMEF Governador Leonel de Moura Brizola
158710,,ok,ok,,,350538862651754,EMEF Governador Leonel de Moura Brizola
158711,,ok,ok,,,350538864798934,EMEF Governador Leonel de Moura Brizola
158712,,ok,ok,,,350538864459354,EMEF Governador Leonel de Moura Brizola
158713,,ok,ok,,,350538864797936,EMEF Governador Leonel de Moura Brizola
158714,,ok,ok,,,350538865204205,EMEF Governador Leonel de Moura Brizola
158715,,ok,ok,,,350538865200617,EMEF Governador Leonel de Moura Brizola
158720,,ok,ok,,,350538864115337,EMEF Governador Leonel de Moura Brizola
158721,,ok,ok,,,350538864115121,EMEF Governador Leonel de Moura Brizola
158722,,ok,ok,,,350538864115436,EMEF Governador Leonel de Moura Brizola
158723,,ok,ok,,,350538864118281,EMEF Governador Leonel de Moura Brizola
158724,,ok,ok,,,350538864115618,EMEF Governador Leonel de Moura Brizola
155860,,ok,ok,,,350538864115816,EMEF Governador Walter Peracchi de Barcellos
155861,,ok,ok,,,350538864118075,EMEF Governador Walter Peracchi de Barcellos
155862,,ok,ok,,,350538864118968,EMEF Governador Walter Peracchi de Barcellos
155864,,ok,ok,,,350538864118398,EMEF Governador Walter Peracchi de Barcellos
155868,,ok,ok,,,350538864117416,EMEF Governador Walter Peracchi de Barcellos
155869,,ok,ok,,,350538864116020,EMEF Governador Walter Peracchi de Barcellos
155870,,ok,ok,,,350538864463729,EMEF Governador Walter Peracchi de Barcellos
155871,,ok,ok,,,350538864371096,EMEF Governador Walter Peracchi de Barcellos
155872,,ok,ok,,,350538864476507,EMEF Governador Walter Peracchi de Barcellos
155873,,ok,ok,,,350538864466250,EMEF Governador Walter Peracchi de Barcellos
155874,,ok,ok,,,350538864459602,EMEF Governador Walter Peracchi de Barcellos
155876,,ok,ok,,,350538864370973,EMEF Governador Walter Peracchi de Barcellos
155877,,ok,ok,,,350538864470922,EMEF Governador Walter Peracchi de Barcellos
155878,,ok,ok,,,350538864463711,EMEF Governador Walter Peracchi de Barcellos
155879,,ok,ok,,,350538864459578,EMEF Governador Walter Peracchi de Barcellos
155882,,ok,ok,,,350538865000595,EMEF Governador Walter Peracchi de Barcellos
155883,,ok,ok,,,350538864997999,EMEF Governador Walter Peracchi de Barcellos
155884,,ok,ok,,,350538865030238,EMEF Governador Walter Peracchi de Barcellos
155885,,ok,ok,,,350538864998518,EMEF Governador Walter Peracchi de Barcellos
155886,,ok,ok,,,350538864999425,EMEF Governador Walter Peracchi de Barcellos
155887,,ok,ok,,,350538864998682,EMEF Governador Walter Peracchi de Barcellos
155888,,ok,ok,,,350538865033141,EMEF Governador Walter Peracchi de Barcellos
155889,,ok,ok,,,350538865000694,EMEF Governador Walter Peracchi de Barcellos
155890,,ok,ok,,,350538865203397,EMEF Governador Walter Peracchi de Barcellos
155891,,ok,ok,,,350538865215052,EMEF Governador Walter Peracchi de Barcellos
155892,,ok,ok,,,350538865202282,EMEF Governador Walter Peracchi de Barcellos
155893,,ok,ok,,,350538865209055,EMEF Governador Walter Peracchi de Barcellos
155894,,ok,ok,,,350538865202399,EMEF Governador Walter Peracchi de Barcellos
155895,,ok,ok,,,350538865208461,EMEF Governador Walter Peracchi de Barcellos
155897,,ok,ok,,,350538865202316,EMEF Governador Walter Peracchi de Barcellos
155898,,ok,ok,,,350538865202738,EMEF Governador Walter Peracchi de Barcellos
155899,,ok,ok,,,350538865203207,EMEF Governador Walter Peracchi de Barcellos
155900,,ok,ok,,,350538864793323,EMEF Governador Walter Peracchi de Barcellos
155901,,ok,ok,,,350538864793794,EMEF Governador Walter Peracchi de Barcellos
155902,,ok,ok,,,350538864794669,EMEF Governador Walter Peracchi de Barcellos
155903,,ok,ok,,,350538864790741,EMEF Governador Walter Peracchi de Barcellos
155904,,ok,ok,,,350538864794503,EMEF Governador Walter Peracchi de Barcellos
155905,,ok,ok,,,350538864794529,EMEF Governador Walter Peracchi de Barcellos
155906,,ok,ok,,,350538864798769,EMEF Governador Walter Peracchi de Barcellos
155907,,ok,ok,,,350538864793802,EMEF Governador Walter Peracchi de Barcellos
155908,,ok,ok,,,350538864790600,EMEF Governador Walter Peracchi de Barcellos
155909,,ok,ok,,,350538864793752,EMEF Governador Walter Peracchi de Barcellos
155910,,ok,ok,,,350538863785916,EMEF Governador Walter Peracchi de Barcellos
155912,,ok,ok,,,350538863789686,EMEF Governador Walter Peracchi de Barcellos
155913,,ok,ok,,,350538863786062,EMEF Governador Walter Peracchi de Barcellos
155914,,ok,ok,,,350538863787805,EMEF Governador Walter Peracchi de Barcellos
155915,,ok,ok,,,350538863966649,EMEF Governador Walter Peracchi de Barcellos
155916,,ok,ok,,,350538863785973,EMEF Governador Walter Peracchi de Barcellos
155917,,ok,ok,,,350538863786252,EMEF Governador Walter Peracchi de Barcellos
155918,,ok,ok,,,350538863787490,EMEF Governador Walter Peracchi de Barcellos
155919,,ok,ok,,,350538863786757,EMEF Governador Walter Peracchi de Barcellos
155920,,ok,ok,,,350538864460220,EMEF Governador Walter Peracchi de Barcellos
155921,,ok,ok,,,350538864461079,EMEF Governador Walter Peracchi de Barcellos
155922,,ok,ok,,,350538864461384,EMEF Governador Walter Peracchi de Barcellos
155923,,ok,ok,,,350538864461368,EMEF Governador Walter Peracchi de Barcellos
155924,,ok,ok,,,350538864461285,EMEF Governador Walter Peracchi de Barcellos
155926,,ok,ok,,,350538864461095,EMEF Governador Walter Peracchi de Barcellos
155927,,ok,ok,,,350538864461319,EMEF Governador Walter Peracchi de Barcellos
155928,,ok,ok,,,350538864474445,EMEF Governador Walter Peracchi de Barcellos
155929,,ok,ok,,,350538864460014,EMEF Governador Walter Peracchi de Barcellos
155930,,ok,ok,,,350538864747782,EMEF Governador Walter Peracchi de Barcellos
155932,,ok,ok,,,350538864741819,EMEF Governador Walter Peracchi de Barcellos
155933,,ok,ok,,,350538864746131,EMEF Governador Walter Peracchi de Barcellos
155934,,ok,ok,,,350538864741041,EMEF Governador Walter Peracchi de Barcellos
155935,,ok,ok,,,350538864740944,EMEF Governador Walter Peracchi de Barcellos
155936,,ok,ok,,,350538864740993,EMEF Governador Walter Peracchi de Barcellos
155937,,ok,ok,,,350538864741710,EMEF Governador Walter Peracchi de Barcellos
155938,,ok,ok,,,350538864743922,EMEF Governador Walter Peracchi de Barcellos
155939,,ok,ok,,,350538864744177,EMEF Governador Walter Peracchi de Barcellos
155940,,ok,ok,,,350538864463752,EMEF Governador Walter Peracchi de Barcellos
155941,,ok,ok,,,350538864462168,EMEF Governador Walter Peracchi de Barcellos
155942,,ok,ok,,,350538864474510,EMEF Governador Walter Peracchi de Barcellos
155945,,ok,ok,,,350538864462705,EMEF Governador Walter Peracchi de Barcellos
155946,,ok,ok,,,350538864461988,EMEF Governador Walter Peracchi de Barcellos
155947,,ok,ok,,,350538864461863,EMEF Governador Walter Peracchi de Barcellos
155950,,ok,ok,,,350538864372094,EMEF Governador Walter Peracchi de Barcellos
155951,,ok,ok,,,350538864425249,EMEF Governador Walter Peracchi de Barcellos
155952,,ok,ok,,,350538864376749,EMEF Governador Walter Peracchi de Barcellos
155953,,ok,ok,,,350538862790735,EMEF Governador Walter Peracchi de Barcellos
155954,,ok,ok,,,350538864383802,EMEF Governador Walter Peracchi de Barcellos
155955,,ok,ok,,,350538864418905,EMEF Governador Walter Peracchi de Barcellos
155956,,ok,ok,,,350538864419770,EMEF Governador Walter Peracchi de Barcellos
155957,,ok,ok,,,350538864392738,EMEF Governador Walter Peracchi de Barcellos
155958,,ok,ok,,,350538864379495,EMEF Governador Walter Peracchi de Barcellos
155959,,ok,ok,,,350538864371534,EMEF Governador Walter Peracchi de Barcellos
155630,,ok,ok,,,350538863772641,EMEF Guajuviras
155631,,ok,ok,,,350538863775305,EMEF Guajuviras
155632,,ok,ok,,,350538863770926,EMEF Guajuviras
155633,,ok,ok,,,350538863790254,EMEF Guajuviras
155634,,ok,ok,,,350538863773714,EMEF Guajuviras
155635,,ok,,,,350538863777202,EMEF Guajuviras
155636,,ok,ok,,,350538863774795,EMEF Guajuviras
155637,,ok,ok,,,350538863775024,EMEF Guajuviras
155638,,ok,ok,,,350538863775479,EMEF Guajuviras
155639,,ok,ok,,,350538863774746,EMEF Guajuviras
155640,,ok,ok,,,350538864854497,EMEF Guajuviras
155641,,ok,ok,,,350538864851758,EMEF Guajuviras
155642,,ok,ok,,,350538864851766,EMEF Guajuviras
155643,,ok,ok,,,350538864857680,EMEF Guajuviras
155644,,ok,ok,,,350538864851733,EMEF Guajuviras
155645,,ok,ok,,,350538864851568,EMEF Guajuviras
155646,,ok,ok,,,350538864854448,EMEF Guajuviras
155647,,ok,ok,,,350538864851667,EMEF Guajuviras
155648,,ok,ok,,,350538864854109,EMEF Guajuviras
155649,,ok,ok,,,350538864851907,EMEF Guajuviras
155650,,ok,ok,,,350538863782947,EMEF Guajuviras
155651,,ok,ok,,,350538863775263,EMEF Guajuviras
155652,,ok,ok,,,350538863777616,EMEF Guajuviras
155653,,ok,ok,,,350538863774779,EMEF Guajuviras
155654,,ok,ok,,,350538863774787,EMEF Guajuviras
155655,,ok,,,,350538863772617,EMEF Guajuviras
155656,,ok,ok,,,350538863772955,EMEF Guajuviras
155657,,ok,ok,,,350538863773805,EMEF Guajuviras
155658,,ok,ok,,,350538863772500,EMEF Guajuviras
155659,,ok,ok,,,350538863782889,EMEF Guajuviras
155660,,ok,ok,,,350538864462861,EMEF Guajuviras
155661,,ok,ok,,,350538864461269,EMEF Guajuviras
155662,,ok,ok,,,350538864465989,EMEF Guajuviras
155663,,ok,ok,,,350538864463885,EMEF Guajuviras
155664,,ok,,,,350538864470930,EMEF Guajuviras
155665,,ok,ok,,,350538864466821,EMEF Guajuviras
155666,,ok,ok,,,350538864461749,EMEF Guajuviras
155667,,ok,ok,,,350538864461244,EMEF Guajuviras
155668,,ok,ok,,,350538864465211,EMEF Guajuviras
155669,,ok,ok,,,350538864461210,EMEF Guajuviras
155670,,ok,ok,,,350538864358259,EMEF Guajuviras
155671,,ok,ok,,,350538864366344,EMEF Guajuviras
155672,,ok,ok,,,350538864363051,EMEF Guajuviras
155673,,ok,ok,,,350538864361642,EMEF Guajuviras
155674,,ok,ok,,,350538864366047,EMEF Guajuviras
155675,,ok,ok,,,350538864359679,EMEF Guajuviras
155676,,ok,ok,,,350538864358408,EMEF Guajuviras
155677,,ok,ok,,,350538864360172,EMEF Guajuviras
155678,,ok,ok,,,350538864361535,EMEF Guajuviras
155679,,ok,ok,,,350538864362988,EMEF Guajuviras
155680,,ok,,,,350538864366807,EMEF Guajuviras
155681,,ok,ok,,,350538864463331,EMEF Guajuviras
155682,,ok,ok,,,350538864369223,EMEF Guajuviras
155683,,ok,ok,,,350538864366690,EMEF Guajuviras
155684,,ok,ok,,,350538864465591,EMEF Guajuviras
155685,,ok,ok,,,350538864462317,EMEF Guajuviras
155686,,ok,ok,,,350538864367458,EMEF Guajuviras
155687,,ok,ok,,,350538864367581,EMEF Guajuviras
155688,,ok,ok,,,350538864370072,EMEF Guajuviras
155689,,ok,ok,,,350538864366641,EMEF Guajuviras
155690,,ok,ok,,,350538865216431,EMEF Guajuviras
155691,,ok,ok,,,350538865215979,EMEF Guajuviras
155692,,ok,ok,,,350538865218288,EMEF Guajuviras
155693,,ok,ok,,,350538865218940,EMEF Guajuviras
155694,,ok,ok,,,350538865219385,EMEF Guajuviras
155695,,ok,ok,,,350538865217546,EMEF Guajuviras
155696,,ok,ok,,,350538865217603,EMEF Guajuviras
155697,,ok,ok,,,350538865218205,EMEF Guajuviras
155698,,ok,ok,,,350538865215102,EMEF Guajuviras
155699,,ok,ok,,,350538865143957,EMEF Guajuviras
155700,,ok,ok,,,350538864929968,EMEF Guajuviras
155701,,ok,ok,,,350538864793240,EMEF Guajuviras
155702,,ok,ok,,,350538864790295,EMEF Guajuviras
155703,,ok,ok,,,350538864793109,EMEF Guajuviras
155704,,ok,ok,,,350538864791186,EMEF Guajuviras
155705,,ok,ok,,,350538864802157,EMEF Guajuviras
155706,,ok,ok,,,350538864790337,EMEF Guajuviras
155707,,ok,ok,,,350538864792275,EMEF Guajuviras
155708,,ok,ok,,,350538864792044,EMEF Guajuviras
155709,,ok,ok,,,350538864929927,EMEF Guajuviras
155710,,ok,ok,,,350538864793513,EMEF Guajuviras
155711,,ok,ok,,,350538864810945,EMEF Guajuviras
155712,,ok,ok,,,350538864798785,EMEF Guajuviras
155713,,ok,ok,,,350538864806992,EMEF Guajuviras
155714,,ok,ok,,,350538864831958,EMEF Guajuviras
155715,,ok,ok,,,350538864927814,EMEF Guajuviras
155716,,ok,ok,,,350538864805200,EMEF Guajuviras
155717,,ok,ok,,,350538864927962,EMEF Guajuviras
155718,,ok,,,,350538864928135,EMEF Guajuviras
155719,,ok,ok,,,350538864798835,EMEF Guajuviras
155720,,ok,ok,,,350538865202274,EMEF Guajuviras
155721,,ok,ok,,,350538865213081,EMEF Guajuviras
155722,,ok,ok,,,350538865212471,EMEF Guajuviras
155723,,ok,ok,,,350538865202365,EMEF Guajuviras
155724,,ok,ok,,,350538865214030,EMEF Guajuviras
155725,,ok,ok,,,350538865202977,EMEF Guajuviras
155726,,ok,ok,,,350538865209048,EMEF Guajuviras
155727,,ok,ok,,,350538865202357,EMEF Guajuviras
155728,,ok,ok,,,350538865218064,EMEF Guajuviras
155729,,ok,ok,,,350538865211317,EMEF Guajuviras
158035,,ok,ok,,,350538864823302,EMEF Guajuviras
158036,,ok,ok,,,350538864823260,EMEF Guajuviras
158037,,ok,ok,,,350538864825299,EMEF Guajuviras
158038,,ok,ok,,,350538864821736,EMEF Guajuviras
158039,,ok,ok,,,350538864826651,EMEF Guajuviras
156310,,ok,ok,,,350538864462085,EMEF Irmão Pedro
156311,,ok,BO em 23/12/24,,,350538864461590,EMEF Irmão Pedro
156312,,ok,ok,,,350538864461574,EMEF Irmão Pedro
156313,,ok,ok,,,350538864466342,EMEF Irmão Pedro
156314,,ok,ok,,,350538864466185,EMEF Irmão Pedro
156315,,ok,ok,,,350538864461848,EMEF Irmão Pedro
156316,,ok,ok,,,350538864461640,EMEF Irmão Pedro
156317,,ok,ok,,,350538864461665,EMEF Irmão Pedro
156318,,ok,ok,,,350538864466235,EMEF Irmão Pedro
156320,,ok,ok,,,350538864794743,EMEF Irmão Pedro
156321,,ok,ok,,,350538864791145,EMEF Irmão Pedro
156322,,,BO em 23/12/24,,,350538864789958,EMEF Irmão Pedro
156323,,ok,ok,,,350538864789545,EMEF Irmão Pedro
156324,,ok,ok,,,350538864810580,EMEF Irmão Pedro
156325,,ok,ok,,,350538864789891,EMEF Irmão Pedro
156326,,ok,ok,,,350538864932749,EMEF Irmão Pedro
156327,,ok,ok,,,350538864915314,EMEF Irmão Pedro
156328,,ok,ok,,,350538864789487,EMEF Irmão Pedro
156329,,ok,ok,,,350538864789438,EMEF Irmão Pedro
156340,,ok,ok,,,350538864682153,EMEF Irmão Pedro
156341,,ok,ok,,,350538864682138,EMEF Irmão Pedro
156342,,ok,ok,,,350538864678946,EMEF Irmão Pedro
156343,,ok,ok,,,350538864682336,EMEF Irmão Pedro
156344,,ok,ok,,,350538864510818,EMEF Irmão Pedro
156345,,ok,ok,,,350538864682435,EMEF Irmão Pedro
156346,,ok,ok,,,350538864679506,EMEF Irmão Pedro
156347,,ok,ok,,,350538864679399,EMEF Irmão Pedro
156348,,ok,ok,,,350538864746313,EMEF Irmão Pedro
156349,,ok,ok,,,350538864679860,EMEF Irmão Pedro
156350,,ok,ok,,,350538864929976,EMEF Irmão Pedro
156351,,ok,ok,,,350538864791046,EMEF Irmão Pedro
156352,,ok,ok,,,350538864799577,EMEF Irmão Pedro
156353,,ok,ok,,,350538864790550,EMEF Irmão Pedro
156354,,ok,ok,,,350538864810630,EMEF Irmão Pedro
156355,,ok,BO em 23/12/24,,,350538864789990,EMEF Irmão Pedro
156356,,ok,ok,,,350538864799304,EMEF Irmão Pedro
156357,,ok,ok,,,350538864801142,EMEF Irmão Pedro
156358,,ok,ok,,,350538864800276,EMEF Irmão Pedro
156359,,ok,ok,,,350538864798587,EMEF Irmão Pedro
156360,,ok,ok,,,350538864303362,EMEF Irmão Pedro
156361,,ok,ok,,,350538864303339,EMEF Irmão Pedro
156362,,ok,ok,,,350538864304162,EMEF Irmão Pedro
156365,,ok,ok,,,350538864167916,EMEF Irmão Pedro
156366,,ok,ok,,,350538864165217,EMEF Irmão Pedro
156367,,ok,ok,,,350538864174672,EMEF Irmão Pedro
156368,,ok,ok,,,350538864304345,EMEF Irmão Pedro
156369,,ok,ok,,,350538864170530,EMEF Irmão Pedro
156374,,ok,ok,,,350538864368266,EMEF Irmão Pedro
156377,,ok,ok,,,350538864367292,EMEF Irmão Pedro
156381,,ok,ok,,,350538865057363,EMEF Irmão Pedro
156382,,ok,ok,,,350538865055565,EMEF Irmão Pedro
156383,,ok,ok,,,350538865057389,EMEF Irmão Pedro
156384,,ok,ok,,,350538865056423,EMEF Irmão Pedro
156385,,ok,ok,,,350538865057280,EMEF Irmão Pedro
156386,,ok,ok,,,350538865056365,EMEF Irmão Pedro
156387,,ok,ok,,,350538865048131,EMEF Irmão Pedro
156388,,ok,ok,,,350538865055649,EMEF Irmão Pedro
156389,,ok,BO em 23/12/24,,,350538865055623,EMEF Irmão Pedro
156390,,ok,ok,,,350538864797100,EMEF Irmão Pedro
156391,,ok,ok,,,350538864793414,EMEF Irmão Pedro
156393,,ok,ok,,,350538864797357,EMEF Irmão Pedro
156395,,ok,BO em 23/12/24,,,350538864789933,EMEF Irmão Pedro
156396,,ok,ok,,,350538864794719,EMEF Irmão Pedro
156397,,ok,ok,,,350538864798108,EMEF Irmão Pedro
156398,,ok,ok,,,350538864789594,EMEF Irmão Pedro
156399,,ok,ok,,,350538864932640,EMEF Irmão Pedro
156400,,,ok,,LOCALIZADO,350538864462101,EMEF Irmão Pedro
156401,,ok,ok,,,350538864460097,EMEF Irmão Pedro
156402,,ok,ok,,,350538864460105,EMEF Irmão Pedro
156403,,ok,ok,,,350538864371393,EMEF Irmão Pedro
156404,,ok,ok,,,350538864371278,EMEF Irmão Pedro
156405,,ok,ok,,,350538864459891,EMEF Irmão Pedro
156406,,ok,ok,,,350538864471110,EMEF Irmão Pedro
156407,,ok,ok,,,350538864461954,EMEF Irmão Pedro
156408,,ok,ok,,,350538864467373,EMEF Irmão Pedro
156409,,ok,ok,,,350538864465997,EMEF Irmão Pedro
156410,,ok,ok,,,350538864797613,EMEF Irmão Pedro
156411,,ok,ok,,,350538864802793,EMEF Irmão Pedro
156412,,ok,ok,,,350538864793570,EMEF Irmão Pedro
156413,,ok,ok,,,350538864793547,EMEF Irmão Pedro
156414,,ok,ok,,,350538864810481,EMEF Irmão Pedro
156416,,ok,ok,,,350538864789750,EMEF Irmão Pedro
156417,,ok,ok,,,350538864794768,EMEF Irmão Pedro
156418,,ok,ok,,,350538864794800,EMEF Irmão Pedro
156423,,ok,ok,,,350538864363846,EMEF Irmão Pedro
156424,,ok,ok,,,350538864361485,EMEF Irmão Pedro
156425,,ok,ok,,,350538864359729,EMEF Irmão Pedro
156426,,ok,ok,,,350538864359034,EMEF Irmão Pedro
156427,,ok,ok,,,350538864361626,EMEF Irmão Pedro
156428,,ok,ok,,,350538864361287,EMEF Irmão Pedro
156429,,ok,ok,,,350538864360016,EMEF Irmão Pedro
158250,,ok,ok,,,350538865133750,EMEF Irmão Pedro
158251,,ok,ok,,,350538865130855,EMEF Irmão Pedro
158252,,ok,ok,,,350538865133768,EMEF Irmão Pedro
158253,,ok,ok,,,350538865130806,EMEF Irmão Pedro
158254,,ok,ok,,,350538865172501,EMEF Irmão Pedro
158255,,ok,ok,,,350538865161876,EMEF Irmão Pedro
158256,,ok,ok,,,350538865133677,EMEF Irmão Pedro
158257,,ok,ok,,,350538865161421,EMEF Irmão Pedro
158258,,ok,ok,,,350538865166479,EMEF Irmão Pedro
158259,,ok,ok,,,350538865130988,EMEF Irmão Pedro
158270,,ok,ok,,,350538864460733,EMEF Irmão Pedro
158271,,ok,ok,,,350538864460311,EMEF Irmão Pedro
158272,,ok,ok,,,350538864462127,EMEF Irmão Pedro
158273,,ok,ok,,,350538864460758,EMEF Irmão Pedro
158274,,ok,ok,,,350538864463208,EMEF Irmão Pedro
158275,,ok,ok,,,350538864460477,EMEF Irmão Pedro
158276,,ok,ok,,,350538864463174,EMEF Irmão Pedro
158277,,ok,ok,,,350538864460576,EMEF Irmão Pedro
158278,,ok,ok,,,350538864462846,EMEF Irmão Pedro
158279,,ok,ok,,,350538864465351,EMEF Irmão Pedro
158290,,ok,ok,,,350538862745887,EMEF Irmão Pedro
158291,,ok,ok,,,350538862745796,EMEF Irmão Pedro
158292,,ok,ok,,,350538862742124,EMEF Irmão Pedro
158293,,ok,ok,,,350538862742207,EMEF Irmão Pedro
158295,,ok,ok,,,350538862742991,EMEF Irmão Pedro
158296,,ok,ok,,,350538862742074,EMEF Irmão Pedro
158297,,ok,ok,,,350538862742223,EMEF Irmão Pedro
158298,,ok,ok,,,350538862741225,EMEF Irmão Pedro
158299,,ok,ok,,,350538862742900,EMEF Irmão Pedro
156090,,ok,ok,,,350538865069582,EMEF Jacob Longoni
156091,,ok,ok,,,350538865074244,EMEF Jacob Longoni
156092,,ok,ok,,,350538865000785,EMEF Jacob Longoni
156093,,ok,ok,,,350538865070663,EMEF Jacob Longoni
156094,,ok,ok,,,350538864987107,EMEF Jacob Longoni
156095,,ok,ok,,,350538865071794,EMEF Jacob Longoni
156096,,ok,ok,,,350538865075399,EMEF Jacob Longoni
156097,,ok,ok,,,350538864984609,EMEF Jacob Longoni
156098,,ok,ok,,,350538864987834,EMEF Jacob Longoni
156099,,ok,ok,,,350538865070119,EMEF Jacob Longoni
156100,,ok,ok,,,350538865219682,EMEF Jacob Longoni
156101,,ok,ok,,,350538865215425,EMEF Jacob Longoni
156102,,ok,ok,,,350538865146026,EMEF Jacob Longoni
156103,,ok,ok,,,350538865215359,EMEF Jacob Longoni
156104,,ok,ok,,,350538865216597,EMEF Jacob Longoni
156105,,ok,ok,,,350538865218759,EMEF Jacob Longoni
156106,,ok,ok,,,350538865216316,EMEF Jacob Longoni
156107,,ok,ok,,,350538865219146,EMEF Jacob Longoni
156108,,ok,ok,,,350538865218213,EMEF Jacob Longoni
156109,,ok,ok,,,350538865217439,EMEF Jacob Longoni
156110,,ok,ok,,,350538865161298,EMEF Jacob Longoni
156111,,ok,ok,,,350538865130780,EMEF Jacob Longoni
156112,,ok,ok,,,350538865130814,EMEF Jacob Longoni
156113,,ok,ok,,,350538865162031,EMEF Jacob Longoni
156114,,ok,ok,,,350538865130657,EMEF Jacob Longoni
156115,,ok,ok,,,350538865161330,EMEF Jacob Longoni
156116,,ok,ok,,,350538865168459,EMEF Jacob Longoni
156117,,ok,ok,,,350538865161975,EMEF Jacob Longoni
156118,,ok,ok,,,350538865166347,EMEF Jacob Longoni
156119,,ok,ok,,,350538865130582,EMEF Jacob Longoni
156120,,ok,ok,,,350538865213479,EMEF Jacob Longoni
156121,,ok,ok,,,350538865202514,EMEF Jacob Longoni
156122,,ok,ok,,,350538865202563,EMEF Jacob Longoni
156123,,ok,ok,,,350538865209477,EMEF Jacob Longoni
156124,,ok,ok,,,350538865205541,EMEF Jacob Longoni
156125,,ok,ok,,,350538865211101,EMEF Jacob Longoni
156126,,ok,ok,,,350538865213057,EMEF Jacob Longoni
156127,,ok,ok,,,350538865207638,EMEF Jacob Longoni
156128,,ok,ok,,,350538865211622,EMEF Jacob Longoni
156129,,ok,ok,,,350538865202803,EMEF Jacob Longoni
156130,,ok,ok,,,350538864813337,EMEF Jacob Longoni
156131,,ok,ok,,,350538864926147,EMEF Jacob Longoni
156132,,ok,ok,,,350538864794701,EMEF Jacob Longoni
156133,,ok,ok,,,350538864810952,EMEF Jacob Longoni
156134,,ok,ok,,,350538864928408,EMEF Jacob Longoni
156135,,ok,ok,,,350538864928317,EMEF Jacob Longoni
156136,,ok,ok,,,350538864928390,EMEF Jacob Longoni
156137,,ok,ok,,,350538864794792,EMEF Jacob Longoni
156138,,ok,ok,,,350538864812784,EMEF Jacob Longoni
156139,,ok,ok,,,350538864810986,EMEF Jacob Longoni
156140,,ok,ok,,,350538865125731,EMEF Jacob Longoni
156141,,ok,ok,,,350538865128073,EMEF Jacob Longoni
156142,,ok,ok,,,350538865139112,EMEF Jacob Longoni
156143,,ok,ok,,,350538865127927,EMEF Jacob Longoni
156144,,ok,ok,,,350538865125699,EMEF Jacob Longoni
156145,,ok,ok,,,350538865128131,EMEF Jacob Longoni
156146,,ok,ok,,,350538865128792,EMEF Jacob Longoni
156147,,ok,ok,,,350538865140466,EMEF Jacob Longoni
156148,,ok,ok,,,350538865126960,EMEF Jacob Longoni
156149,,ok,ok,,,350538865126796,EMEF Jacob Longoni
157530,,ok,ok,,,350538864919118,EMEF João Palma da Silva
157531,,ok,ok,,,350538864928630,EMEF João Palma da Silva
157532,Sim,Enchente,,,Não,350538864918193,EMEF João Palma da Silva
157533,,ok,ok,,,350538864923540,EMEF João Palma da Silva
157534,,ok,ok,,,350538864920363,EMEF João Palma da Silva
157535,,ok,ok,,,350538864925917,EMEF João Palma da Silva
157536,,ok,ok,,,350538864923953,EMEF João Palma da Silva
157537,,ok,ok,,,350538864918078,EMEF João Palma da Silva
157538,,ok,ok,,,350538864924308,EMEF João Palma da Silva
157539,,ok,ok,,,350538864920504,EMEF João Palma da Silva
157540,,ok,ok,,,350538864799791,EMEF João Palma da Silva
157541,,ok,ok,,,350538864808436,EMEF João Palma da Silva
157542,,ok,ok,,,350538864808915,EMEF João Palma da Silva
157543,,ok,ok,,,350538864808865,EMEF João Palma da Silva
157544,,ok,ok,,,350538864800300,EMEF João Palma da Silva
157545,,ok,ok,,,350538864808998,EMEF João Palma da Silva
157546,,ok,ok,,,350538864808873,EMEF João Palma da Silva
157547,,ok,ok,,,350538864800052,EMEF João Palma da Silva
157548,,ok,ok,,,350538864800219,EMEF João Palma da Silva
157549,Sim,Enchente,,,Não,350538864800193,EMEF João Palma da Silva
157550,,ok,ok,,,350538865211580,EMEF João Palma da Silva
157551,,ok,ok,,,350538865208685,EMEF João Palma da Silva
157552,,ok,ok,,,350538865208644,EMEF João Palma da Silva
157553,,ok,ok,,,350538865204635,EMEF João Palma da Silva
157554,,ok,ok,,,350538865217298,EMEF João Palma da Silva
157555,,ok,ok,,,350538865211275,EMEF João Palma da Silva
157556,,ok,ok,,,350538865208008,EMEF João Palma da Silva
157557,,ok,ok,,,350538865211572,EMEF João Palma da Silva
157558,,ok,ok,,,350538865213339,EMEF João Palma da Silva
157559,,ok,ok,,,350538865208479,EMEF João Palma da Silva
157560,,ok,ok,,,350538862593519,EMEF João Palma da Silva
157561,,ok,ok,,,350538862596058,EMEF João Palma da Silva
157562,,ok,ok,,,350538862594848,EMEF João Palma da Silva
157563,,ok,ok,,,350538862596231,EMEF João Palma da Silva
157564,,ok,ok,,,350538862593550,EMEF João Palma da Silva
157565,,ok,ok,,,350538862595910,EMEF João Palma da Silva
157566,,ok,ok,,,350538862597973,EMEF João Palma da Silva
157567,,ok,ok,,,350538862596140,EMEF João Palma da Silva
157568,,ok,ok,,,350538862596017,EMEF João Palma da Silva
157569,,ok,ok,,,350538862596249,EMEF João Palma da Silva
157570,,ok,ok,,,350538865172469,EMEF João Palma da Silva
157571,,ok,ok,,,350538865137322,EMEF João Palma da Silva
157572,,ok,ok,,,350538865167279,EMEF João Palma da Silva
157573,,ok,ok,,,350538865131317,EMEF João Palma da Silva
157574,,ok,ok,,,350538865161447,EMEF João Palma da Silva
157575,,ok,ok,,,350538865171735,EMEF João Palma da Silva
157576,,ok,ok,,,350538865171875,EMEF João Palma da Silva
157577,,ok,ok,,,350538865161488,EMEF João Palma da Silva
157578,,ok,ok,,,350538865131242,EMEF João Palma da Silva
157579,,ok,ok,,,350538865130459,EMEF João Palma da Silva
157580,,ok,ok,,,350538865201797,EMEF João Palma da Silva
157581,,ok,ok,,,350538865204767,EMEF João Palma da Silva
157582,,ok,ok,,,350538865203728,EMEF João Palma da Silva
157583,,ok,ok,,,350538865204197,EMEF João Palma da Silva
157584,,ok,ok,,,350538865204304,EMEF João Palma da Silva
157585,,ok,ok,,,350538865201821,EMEF João Palma da Silva
157586,,ok,ok,,,350538865204320,EMEF João Palma da Silva
157587,,ok,ok,,,350538865216506,EMEF João Palma da Silva
157588,,ok,ok,,,350538865214295,EMEF João Palma da Silva
157589,,ok,ok,,,350538865201722,EMEF João Palma da Silva
157590,,ok,ok,,,350538865095306,EMEF João Palma da Silva
157591,,ok,ok,,,350538865093012,EMEF João Palma da Silva
157592,,ok,ok,,,350538865096981,EMEF João Palma da Silva
157593,,ok,ok,,,350538865097856,EMEF João Palma da Silva
157594,,ok,ok,,,350538865092915,EMEF João Palma da Silva
157595,,ok,ok,,,350538865098268,EMEF João Palma da Silva
157596,,ok,ok,,,350538865096270,EMEF João Palma da Silva
157597,,ok,ok,,,350538865098300,EMEF João Palma da Silva
157598,,ok,ok,,,350538865095116,EMEF João Palma da Silva
157599,,ok,ok,,,350538865099308,EMEF João Palma da Silva
157600,,ok,ok,,,350538864645820,EMEF João Palma da Silva
157601,,ok,ok,,,350538864618108,EMEF João Palma da Silva
157602,,ok,ok,,,350538864634212,EMEF João Palma da Silva
157603,,ok,ok,,,350538864618223,EMEF João Palma da Silva
157604,,ok,ok,,,350538864620278,EMEF João Palma da Silva
157605,,ok,BO em 23/12,,,350538864612762,EMEF João Palma da Silva
157606,,ok,ok,,,350538864325159,EMEF João Palma da Silva
157607,,ok,ok,,,350538864613547,EMEF João Palma da Silva
157608,,ok,ok,,,350538864622126,EMEF João Palma da Silva
157609,,ok,ok,,,350538864640094,EMEF João Palma da Silva
157610,,ok,ok,,,350538864371013,EMEF João Palma da Silva
157611,,ok,ok,,,350538864371112,EMEF João Palma da Silva
157612,,ok,ok,,,350538864465260,EMEF João Palma da Silva
157613,,ok,ok,,,350538864459446,EMEF João Palma da Silva
157614,,ok,ok,,,350538864459511,EMEF João Palma da Silva
157615,,ok,ok,,,350538864460873,EMEF João Palma da Silva
157616,,ok,ok,,,350538864459503,EMEF João Palma da Silva
157617,,ok,ok,,,350538864371120,EMEF João Palma da Silva
157618,,ok,ok,,,350538864459453,EMEF João Palma da Silva
157619,,ok,ok,,,350538864472977,EMEF João Palma da Silva
157620,,ok,ok,,,350538862658544,EMEF João Palma da Silva
157621,,ok,ok,,,350538862675845,EMEF João Palma da Silva
157622,,ok,ok,,,350538862573362,EMEF João Palma da Silva
157623,,ok,ok,,,350538862682130,EMEF João Palma da Silva
157624,,ok,ok,,,350538862675951,EMEF João Palma da Silva
157625,,ok,ok,,,350538862658601,EMEF João Palma da Silva
157626,Sim,Enchente,,,Não,350538862679474,EMEF João Palma da Silva
157627,,ok,ok,,,350538862658627,EMEF João Palma da Silva
157628,,ok,ok,,,350538862676207,EMEF João Palma da Silva
157629,,ok,ok,,,350538862639262,EMEF João Palma da Silva
157630,,ok,ok,,,350538865025675,EMEF João Palma da Silva
157631,,ok,ok,,,350538864984294,EMEF João Palma da Silva
157632,,ok,ok,,,350538865020684,EMEF João Palma da Silva
157633,,ok,ok,,,350538865024587,EMEF João Palma da Silva
157634,,ok,ok,,,350538865027184,EMEF João Palma da Silva
157635,,ok,ok,,,350538865020767,EMEF João Palma da Silva
157636,,ok,ok,,,350538865023894,EMEF João Palma da Silva
157637,,ok,ok,,,350538864984252,EMEF João Palma da Silva
157638,,ok,ok,,,350538865020692,EMEF João Palma da Silva
157639,,ok,ok,,,350538865000538,EMEF João Palma da Silva
157640,,ok,ok,,,350538864993014,EMEF João Palma da Silva
157641,,ok,ok,,,350538864994681,EMEF João Palma da Silva
157642,,ok,ok,,,350538864993709,EMEF João Palma da Silva
157643,,ok,ok,,,350538864993683,EMEF João Palma da Silva
157644,,ok,ok,,,350538864992776,EMEF João Palma da Silva
157645,,ok,BO em 23/12,,,350538865000322,EMEF João Palma da Silva
157646,,ok,ok,,,350538865003037,EMEF João Palma da Silva
157647,,ok,ok,,,350538864996082,EMEF João Palma da Silva
157648,,ok,ok,,,350538864993659,EMEF João Palma da Silva
157649,,ok,ok,,,350538864994491,EMEF João Palma da Silva
155500,,ok,ok,,,350538865145242,EMEF João Paulo I
155501,,ok,ok,,,350538865145069,EMEF João Paulo I
155506,,ok,ok,,,350538865145911,EMEF João Paulo I
155511,,ok,ok,,,350538864461921,EMEF João Paulo I
155525,,ok,ok,,,350538865146075,EMEF João Paulo I
155527,,ok,ok,,,350538865144880,EMEF João Paulo I
155528,,ok,ok,,,350538865143262,EMEF João Paulo I
155529,,ok,ok,,,350538865145895,EMEF João Paulo I
155540,,ok,ok,,,350538865143734,EMEF João Paulo I
155541,,ok,ok,,,350538865148295,EMEF João Paulo I
155543,,ok,ok,,,350538865139385,EMEF João Paulo I
155544,,ok,ok,,,350538865139393,EMEF João Paulo I
155556,,ok,ok,,,350538864359208,EMEF João Paulo I
155557,,ok,ok,,,350538864359463,EMEF João Paulo I
157860,,ok,ok,,,350538864795245,EMEF João Paulo I
157862,,ok,ok,,,350538864801779,EMEF João Paulo I
157863,,ok,ok,,,350538864800946,EMEF João Paulo I
157864,,ok,ok,,,350538864797555,EMEF João Paulo I
157868,,ok,ok,,,350538864794198,EMEF João Paulo I
157879,,ok,ok,,,350538864420372,EMEF João Paulo I
157886,,ok,ok,,,350538863758368,EMEF João Paulo I
157888,,ok,ok,,,350538863774621,EMEF João Paulo I
157890,,ok,ok,,,350538864747154,EMEF João Paulo I
157891,,ok,ok,,,350538864746297,EMEF João Paulo I
157892,,ok,ok,,,350538864680173,EMEF João Paulo I
157893,,ok,ok,,,350538864682179,EMEF João Paulo I
157894,,ok,ok,,,350538864746800,EMEF João Paulo I
157895,,ok,ok,,,350538864746669,EMEF João Paulo I
157896,,ok,ok,,,350538864746719,EMEF João Paulo I
157897,sim,,ok,,,350538864681098,EMEF João Paulo I
157898,sim,,ok,,,350538864684233,EMEF João Paulo I
157899,,ok,ok,,,350538864678185,EMEF João Paulo I
157900,,ok,ok,,,350538864114777,EMEF João Paulo I
157905,,ok,ok,,,350538864115782,EMEF João Paulo I
157906,,ok,ok,,,350538864114884,EMEF João Paulo I
157907,,ok,ok,,,350538864118687,EMEF João Paulo I
157908,,ok,ok,,,350538864114611,EMEF João Paulo I
157909,,ok,ok,,,350538864116236,EMEF João Paulo I
157914,,ok,ok,,,350538865148154,EMEF João Paulo I
157915,,ok,ok,,,350538865198688,EMEF João Paulo I
157916,,ok,ok,,,350538865196963,EMEF João Paulo I
157918,,ok,ok,,,350538865196971,EMEF João Paulo I
157920,,ok,ok,,,350538865214329,EMEF João Paulo I
157921,,ok,ok,,,350538865210772,EMEF João Paulo I
157924,,ok,ok,,,350538865210707,EMEF João Paulo I
157925,,ok,ok,,,350538865208784,EMEF João Paulo I
157926,,ok,ok,,,350538865214485,EMEF João Paulo I
157928,,ok,ok,,,350538865209782,EMEF João Paulo I
157929,,ok,ok,,,350538865202423,EMEF João Paulo I
157935,,ok,ok,,,350538865177088,EMEF João Paulo I
157936,,ok,ok,,,350538865176106,EMEF João Paulo I
157937,,ok,ok,,,350538865178623,EMEF João Paulo I
157938,,ok,ok,,,350538865178136,EMEF João Paulo I
157939,,ok,ok,,,350538865175710,EMEF João Paulo I
157940,,ok,ok,,,350538864743575,EMEF João Paulo I
157941,,ok,ok,,,350538864746644,EMEF João Paulo I
157942,,ok,ok,,,350538864683508,EMEF João Paulo I
157944,,ok,ok,,,350538864741678,EMEF João Paulo I
157946,,ok,ok,,,350538864743393,EMEF João Paulo I
157947,,ok,ok,,,350538864743831,EMEF João Paulo I
157949,,ok,ok,,,350538864683409,EMEF João Paulo I
157950,,ok,ok,,,350538864392951,EMEF João Paulo I
157951,,ok,ok,,,350538864417956,EMEF João Paulo I
157952,,ok,ok,,,350538864418392,EMEF João Paulo I
157953,,ok,ok,,,350538864393157,EMEF João Paulo I
157955,,ok,ok,,,350538864393397,EMEF João Paulo I
157957,,ok,ok,,,350538864418020,EMEF João Paulo I
157958,,ok,ok,,,350538864392910,EMEF João Paulo I
157959,,ok,ok,,,350538864393546,EMEF João Paulo I
158469,,ok,ok,,,350538865215581,EMEF João Paulo I
158470,,ok,ok,,,350538864934232,EMEF João Paulo I
158471,,ok,ok,,,350538864918185,EMEF João Paulo I
158472,,ok,ok,,,350538864933861,EMEF João Paulo I
158473,,ok,ok,,,350538864933820,EMEF João Paulo I
158474,,ok,ok,,,350538864909465,EMEF João Paulo I
158475,,ok,ok,,,350538864936732,EMEF João Paulo I
158476,,ok,ok,,,350538864934158,EMEF João Paulo I
158477,,ok,ok,,,350538864934307,EMEF João Paulo I
158478,,ok,ok,,,350538864934182,EMEF João Paulo I
158479,,ok,ok,,,350538864933853,EMEF João Paulo I
158575,,ok,ok,,,350538865135961,EMEF João Paulo I
158576,,ok,ok,,,350538865135391,EMEF João Paulo I
158577,,ok,ok,,,350538865137660,EMEF João Paulo I
158578,,ok,ok,,,350538865135086,EMEF João Paulo I
158579,,ok,ok,,,350538865139096,EMEF João Paulo I
158580,,ok,ok,,,350538865135912,EMEF João Paulo I
158581,,ok,ok,,,350538865137546,EMEF João Paulo I
158582,,ok,ok,,,350538865137942,EMEF João Paulo I
158583,,ok,ok,,,350538865135334,EMEF João Paulo I
158584,,ok,ok,,,350538865135367,EMEF João Paulo I
157861,sim,,,,,350538864793505,EMEF João Paulo I
157865,sim,,,,,350538864793554,EMEF João Paulo I
157866,sim,,,,,350538864799809,EMEF João Paulo I
157867,sim,,,,,350538864874339,EMEF João Paulo I
157869,sim,,,,,350538864810564,EMEF João Paulo I
157870,sim,,,,,350538864942615,EMEF João Paulo I
157871,sim,,,,,350538864417501,EMEF João Paulo I
157872,sim,,,,,350538864418228,EMEF João Paulo I
157873,sim,,,,,350538864418251,EMEF João Paulo I
157874,sim,,,,,350538864425447,EMEF João Paulo I
157875,sim,,,,,350538864416339,EMEF João Paulo I
157876,sim,,,,,350538864417931,EMEF João Paulo I
157877,sim,,,,,350538864418384,EMEF João Paulo I
157878,sim,,,,,350538864371567,EMEF João Paulo I
157880,sim,,,,,350538863758343,EMEF João Paulo I
157881,sim,,,,,350538863758194,EMEF João Paulo I
157882,sim,,,,,350538863761024,EMEF João Paulo I
157883,sim,,,,,350538863773607,EMEF João Paulo I
157884,sim,,,,,350538863758152,EMEF João Paulo I
157885,sim,,,,,350538863761503,EMEF João Paulo I
157887,sim,,,,,350538863767823,EMEF João Paulo I
157889,sim,,,,,350538863758244,EMEF João Paulo I
157901,sim,,,,,350538864114165,EMEF João Paulo I
157902,sim,,,,,350538864114157,EMEF João Paulo I
157903,sim,,,,,350538864147983,EMEF João Paulo I
157904,sim,,,,,350538864114892,EMEF João Paulo I
157910,sim,,,,,350538865141217,EMEF João Paulo I
157911,sim,,,,,350538865148121,EMEF João Paulo I
157912,sim,,,,,350538865198647,EMEF João Paulo I
157913,sim,,,,,350538865139294,EMEF João Paulo I
157917,sim,,,,,350538865148220,EMEF João Paulo I
157919,sim,,,,,350538865198787,EMEF João Paulo I
157922,sim,,,,,350538865210640,EMEF João Paulo I
157923,sim,,,,,350538865207703,EMEF João Paulo I
157927,sim,,,,,350538865206564,EMEF João Paulo I
157930,sim,,,,,350538865175215,EMEF João Paulo I
157931,sim,,,,,350538865124056,EMEF João Paulo I
157932,sim,,,,,350538865124486,EMEF João Paulo I
157933,sim,,,,,350538865180777,EMEF João Paulo I
157934,sim,,,,,350538865124494,EMEF João Paulo I
157943,sim,,,,,350538864743591,EMEF João Paulo I
157945,sim,,,,,350538864681114,EMEF João Paulo I
157948,sim,,,,,350538864743930,EMEF João Paulo I
157954,sim,,,,,350538864417915,EMEF João Paulo I
157956,sim,,,,,350538864939652,EMEF João Paulo I
157380,,ok,ok,,,350538865069152,EMEF Max Adolfo Oderich
157381,,ok,ok,,,350538865039643,EMEF Max Adolfo Oderich
157382,,ok,ok,,,350538865040344,EMEF Max Adolfo Oderich
157383,,ok,ok,,,350538865057298,EMEF Max Adolfo Oderich
157384,,ok,ok,,,350538865056332,EMEF Max Adolfo Oderich
157385,,ok,ok,,,350538865048198,EMEF Max Adolfo Oderich
157386,,ok,ok,,,350538865057306,EMEF Max Adolfo Oderich
157387,,ok,ok,,,350538865056290,EMEF Max Adolfo Oderich
157388,,ok,ok,,,350538865072362,EMEF Max Adolfo Oderich
157389,,ok,ok,,,350538865054949,EMEF Max Adolfo Oderich
157390,,ok,ok,,,350538864464347,EMEF Max Adolfo Oderich
157391,,ok,ok,,,350538864466441,EMEF Max Adolfo Oderich
157392,,ok,ok,,,350538864466649,EMEF Max Adolfo Oderich
157393,,ok,ok,,,350538864466268,EMEF Max Adolfo Oderich
157394,,ok,ok,,,350538864462713,EMEF Max Adolfo Oderich
157395,,ok,ok,,,350538864462465,EMEF Max Adolfo Oderich
157396,,ok,ok,,,350538864464115,EMEF Max Adolfo Oderich
157397,,ok,ok,,,350538864462903,EMEF Max Adolfo Oderich
157398,,ok,ok,,,350538864466334,EMEF Max Adolfo Oderich
157399,,ok,ok,,,350538864462689,EMEF Max Adolfo Oderich
157400,,ok,ok,,,350538865094341,EMEF Max Adolfo Oderich
157401,,ok,ok,,,350538865093020,EMEF Max Adolfo Oderich
157402,,ok,ok,,,350538865095231,EMEF Max Adolfo Oderich
157403,,ok,ok,,,350538865094903,EMEF Max Adolfo Oderich
157404,,ok,ok,,,350538865097013,EMEF Max Adolfo Oderich
157405,,ok,ok,,,350538865174226,EMEF Max Adolfo Oderich
157406,,ok,ok,,,350538865098367,EMEF Max Adolfo Oderich
157407,,ok,ok,,,350538865098334,EMEF Max Adolfo Oderich
157408,,ok,ok,,,350538865095256,EMEF Max Adolfo Oderich
157409,,ok,ok,,,350538865093103,EMEF Max Adolfo Oderich
157410,,ok,ok,,,350538865166065,EMEF Max Adolfo Oderich
157411,,ok,ok,,,350538865166115,EMEF Max Adolfo Oderich
157412,,ok,ok,,,350538865161751,EMEF Max Adolfo Oderich
157413,,ok,ok,,,350538865166875,EMEF Max Adolfo Oderich
157414,,ok,ok,,,350538865166156,EMEF Max Adolfo Oderich
157415,,ok,ok,,,350538865172113,EMEF Max Adolfo Oderich
157416,,ok,ok,,,350538865130517,EMEF Max Adolfo Oderich
157417,,ok,ok,,,350538865171834,EMEF Max Adolfo Oderich
157418,,ok,ok,,,350538865161538,EMEF Max Adolfo Oderich
157419,,ok,ok,,,350538865131218,EMEF Max Adolfo Oderich
157420,,ok,ok,,,350538865070457,EMEF Max Adolfo Oderich
157421,,ok,ok,,,350538864395772,EMEF Max Adolfo Oderich
157422,,ok,ok,,,350538865075373,EMEF Max Adolfo Oderich
157423,,ok,ok,,,350538865073352,EMEF Max Adolfo Oderich
157424,,ok,ok,,,350538864395723,EMEF Max Adolfo Oderich
157425,,ok,ok,,,350538865070499,EMEF Max Adolfo Oderich
157426,,ok,ok,,,350538865075464,EMEF Max Adolfo Oderich
157427,,ok,ok,,,350538865075357,EMEF Max Adolfo Oderich
157428,,ok,ok,,,350538865073402,EMEF Max Adolfo Oderich
157429,,ok,ok,,,350538865075381,EMEF Max Adolfo Oderich
154600,,ok,ok,,,350538864460709,EMEF Ministro Rubem Carlos Ludwig
154601,,ok,ok,,,350538864369637,EMEF Ministro Rubem Carlos Ludwig
154602,,ok,ok,,,350538864465500,EMEF Ministro Rubem Carlos Ludwig
154603,,ok,ok,,,350538864465377,EMEF Ministro Rubem Carlos Ludwig
154604,,ok,ok,,,350538864369470,EMEF Ministro Rubem Carlos Ludwig
154605,sim,,,,Memo nº2025004919,350538864466169,EMEF Ministro Rubem Carlos Ludwig
154606,,ok,ok,,,350538864461459,EMEF Ministro Rubem Carlos Ludwig
154607,,ok,ok,,,350538864470302,EMEF Ministro Rubem Carlos Ludwig
154608,,ok,ok,,,350538864459362,EMEF Ministro Rubem Carlos Ludwig
154609,,ok,ok,,,350538864369488,EMEF Ministro Rubem Carlos Ludwig
154610,,ok,ok,,,350538865134535,EMEF Ministro Rubem Carlos Ludwig
154611,,ok,ok,,,350538865134816,EMEF Ministro Rubem Carlos Ludwig
154612,,ok,ok,,,350538865134402,EMEF Ministro Rubem Carlos Ludwig
154613,,ok,ok,,,350538865134998,EMEF Ministro Rubem Carlos Ludwig
154614,,ok,ok,,,350538865207182,EMEF Ministro Rubem Carlos Ludwig
154615,,ok,ok,,,350538865135698,EMEF Ministro Rubem Carlos Ludwig
154616,,ok,ok,,,350538865210160,EMEF Ministro Rubem Carlos Ludwig
154617,,ok,ok,,,350538865134394,EMEF Ministro Rubem Carlos Ludwig
154618,,ok,ok,,,350538865210426,EMEF Ministro Rubem Carlos Ludwig
154619,,ok,ok,,,350538865137652,EMEF Ministro Rubem Carlos Ludwig
154620,,ok,ok,,,350538862689457,EMEF Ministro Rubem Carlos Ludwig
154621,,ok,ok,,,350538862688822,EMEF Ministro Rubem Carlos Ludwig
154622,,ok,ok,,,350538862676603,EMEF Ministro Rubem Carlos Ludwig
154623,,ok,ok,,,350538862675985,EMEF Ministro Rubem Carlos Ludwig
154624,,ok,ok,,,350538862660003,EMEF Ministro Rubem Carlos Ludwig
154625,,ok,ok,,,350538862659955,EMEF Ministro Rubem Carlos Ludwig
154626,,ok,ok,,,350538862570517,EMEF Ministro Rubem Carlos Ludwig
154627,,ok,ok,,,350538862688202,EMEF Ministro Rubem Carlos Ludwig
154628,,ok,ok,,,350538862531097,EMEF Ministro Rubem Carlos Ludwig
154629,,ok,ok,,,350538862687329,EMEF Ministro Rubem Carlos Ludwig
154630,,ok,ok,,,350538864358580,EMEF Ministro Rubem Carlos Ludwig
154631,,ok,ok,,,350538864359430,EMEF Ministro Rubem Carlos Ludwig
154632,,ok,ok,,,350538864359356,EMEF Ministro Rubem Carlos Ludwig
154633,,ok,ok,,,350538864359703,EMEF Ministro Rubem Carlos Ludwig
154634,,ok,ok,,,350538864359166,EMEF Ministro Rubem Carlos Ludwig
154635,,ok,ok,,,350538864359133,EMEF Ministro Rubem Carlos Ludwig
154636,,ok,ok,,,350538864359091,EMEF Ministro Rubem Carlos Ludwig
154637,,ok,ok,,,350538864466946,EMEF Ministro Rubem Carlos Ludwig
154638,,ok,ok,,,350538864361873,EMEF Ministro Rubem Carlos Ludwig
154639,,ok,ok,,,350538864359513,EMEF Ministro Rubem Carlos Ludwig
158030,,ok,ok,,,350538864825265,EMEF Ministro Rubem Carlos Ludwig
158031,,ok,ok,,,350538864825315,EMEF Ministro Rubem Carlos Ludwig
158032,,ok,ok,,,350538864826123,EMEF Ministro Rubem Carlos Ludwig
158033,,ok,ok,,,350538864821900,EMEF Ministro Rubem Carlos Ludwig
158034,,ok,ok,,,350538864825281,EMEF Ministro Rubem Carlos Ludwig
157070,,ok,ok,,,350538864463133,EMEF Monteiro Lobato
157071,,ok,ok,,,350538864460725,EMEF Monteiro Lobato
157072,,ok,ok,,,350538864459545,EMEF Monteiro Lobato
157073,,ok,ok,,,350538864460451,EMEF Monteiro Lobato
157074,,ok,ok,,,350538864460436,EMEF Monteiro Lobato
157075,,ok,ok,,,350538864460931,EMEF Monteiro Lobato
157076,,ok,ok,,,350538864460824,EMEF Monteiro Lobato
157077,,ok,ok,,,350538864460170,EMEF Monteiro Lobato
157078,,ok,ok,,,350538864371294,EMEF Monteiro Lobato
157079,,ok,ok,,,350538864461699,EMEF Monteiro Lobato
157080,,ok,ok,,,350538864120113,EMEF Monteiro Lobato
157081,,ok,ok,,,350538864114694,EMEF Monteiro Lobato
157082,,ok,ok,,,350538864114348,EMEF Monteiro Lobato
157083,sim,,,,Não,350538864114066,EMEF Monteiro Lobato
157084,,ok,ok,,,350538864119222,EMEF Monteiro Lobato
157085,,ok,ok,,,350538864115881,EMEF Monteiro Lobato
157086,,ok,ok,,,350538864113027,EMEF Monteiro Lobato
157087,,ok,ok,,,350538864114132,EMEF Monteiro Lobato
157088,,ok,ok,,,350538864117010,EMEF Monteiro Lobato
157089,,ok,ok,,,350538864115766,EMEF Monteiro Lobato
157090,,ok,ok,,,350538864989475,EMEF Monteiro Lobato
157091,,ok,,,,350538864989467,EMEF Monteiro Lobato
157092,,ok,,,,350538864985044,EMEF Monteiro Lobato
157093,,ok,ok,,,350538864990713,EMEF Monteiro Lobato
157094,,ok,ok,,,350538864984021,EMEF Monteiro Lobato
157095,,ok,ok,,,350538864985267,EMEF Monteiro Lobato
157096,,ok,ok,,,350538864985697,EMEF Monteiro Lobato
157097,,ok,ok,,,350538864999045,EMEF Monteiro Lobato
157098,,ok,ok,,,350538864990457,EMEF Monteiro Lobato
157099,,ok,ok,,,350538864996751,EMEF Monteiro Lobato
157100,,ok,ok,,,350538864145086,EMEF Monteiro Lobato
157101,,ok,ok,,,350538864117150,EMEF Monteiro Lobato
157102,,ok,ok,,,350538864117861,EMEF Monteiro Lobato
157103,,ok,ok,,,350538864145557,EMEF Monteiro Lobato
157104,,ok,ok,,,350538864118513,EMEF Monteiro Lobato
157105,,ok,ok,,,350538864141879,EMEF Monteiro Lobato
157106,,ok,ok,,,350538864116830,EMEF Monteiro Lobato
157107,,ok,ok,,,350538864120147,EMEF Monteiro Lobato
157108,,ok,ok,,,350538864116681,EMEF Monteiro Lobato
157109,,ok,ok,,,350538864117465,EMEF Monteiro Lobato
157110,,ok,ok,,,350538864174292,EMEF Monteiro Lobato
157111,,ok,ok,,,350538864168633,EMEF Monteiro Lobato
157112,,ok,,,,350538864166496,EMEF Monteiro Lobato
157113,,ok,ok,,,350538864166249,EMEF Monteiro Lobato
157114,,ok,ok,,,350538864173781,EMEF Monteiro Lobato
157115,,ok,,,,350538864166926,EMEF Monteiro Lobato
157116,,ok,ok,,,350538864166553,EMEF Monteiro Lobato
157117,,ok,ok,,,350538864174615,EMEF Monteiro Lobato
157118,,ok,ok,,,350538864166470,EMEF Monteiro Lobato
157119,,ok,ok,,,350538864165852,EMEF Monteiro Lobato
157120,,ok,ok,,,350538864394221,EMEF Monteiro Lobato
157121,,ok,ok,,,350538864424218,EMEF Monteiro Lobato
157122,,ok,ok,,,350538864419317,EMEF Monteiro Lobato
157123,,ok,ok,,,350538864380451,EMEF Monteiro Lobato
157124,,ok,ok,,,350538864376863,EMEF Monteiro Lobato
157125,,ok,ok,,,350538864417428,EMEF Monteiro Lobato
157126,,ok,ok,,,350538864390955,EMEF Monteiro Lobato
157127,,ok,ok,,,350538864418848,EMEF Monteiro Lobato
157128,,ok,ok,,,350538864420547,EMEF Monteiro Lobato
157129,,ok,ok,,,350538864379677,EMEF Monteiro Lobato
157130,,ok,ok,,,350538864367219,EMEF Monteiro Lobato
157131,,ok,ok,,,350538864469262,EMEF Monteiro Lobato
157132,,ok,ok,,,350538864365957,EMEF Monteiro Lobato
157133,,ok,ok,,,350538864367896,EMEF Monteiro Lobato
157134,,ok,ok,,,350538864366914,EMEF Monteiro Lobato
157135,,ok,ok,,,350538864369033,EMEF Monteiro Lobato
157136,,ok,ok,,,350538864367318,EMEF Monteiro Lobato
157137,,ok,ok,,,350538864469254,EMEF Monteiro Lobato
157138,,ok,ok,,,350538864367680,EMEF Monteiro Lobato
157139,,ok,ok,,,350538864368407,EMEF Monteiro Lobato
157140,,ok,ok,,,350538864373860,EMEF Monteiro Lobato
157141,,ok,ok,,,350538865174853,EMEF Monteiro Lobato
157142,,ok,ok,,,350538865177021,EMEF Monteiro Lobato
157143,,ok,ok,,,350538865178904,EMEF Monteiro Lobato
157144,,ok,ok,,,350538865179407,EMEF Monteiro Lobato
157145,,ok,ok,,,350538865175678,EMEF Monteiro Lobato
157146,,ok,ok,,,350538865179597,EMEF Monteiro Lobato
157147,,ok,ok,,,350538865177146,EMEF Monteiro Lobato
157148,,ok,ok,,,350538864374165,EMEF Monteiro Lobato
157149,,ok,ok,,,350538865175686,EMEF Monteiro Lobato
157150,,ok,ok,,,350538864440396,EMEF Monteiro Lobato
157151,,ok,ok,,,350538864291591,EMEF Monteiro Lobato
157152,,ok,ok,,,350538864434415,EMEF Monteiro Lobato
157153,,ok,ok,,,350538864432690,EMEF Monteiro Lobato
157154,,ok,ok,,,350538864431023,EMEF Monteiro Lobato
157155,,ok,ok,,,350538864432567,EMEF Monteiro Lobato
157156,,ok,ok,,,350538864431221,EMEF Monteiro Lobato
157157,,ok,ok,,,350538864432047,EMEF Monteiro Lobato
157158,,ok,ok,,,350538864432096,EMEF Monteiro Lobato
157159,,ok,ok,,,350538864429282,EMEF Monteiro Lobato
157160,,ok,ok,,,350538864936757,EMEF Monteiro Lobato
157161,,ok,ok,,,350538864906016,EMEF Monteiro Lobato
157162,,ok,ok,,,350538864936674,EMEF Monteiro Lobato
157163,,ok,ok,,,350538864911917,EMEF Monteiro Lobato
157164,,ok,ok,,,350538864933994,EMEF Monteiro Lobato
157165,,ok,ok,,,350538864936666,EMEF Monteiro Lobato
157166,,ok,ok,,,350538864909317,EMEF Monteiro Lobato
157167,,ok,ok,,,350538864909622,EMEF Monteiro Lobato
157168,,ok,ok,,,350538864915298,EMEF Monteiro Lobato
157169,,ok,ok,,,350538864906685,EMEF Monteiro Lobato
157170,,ok,ok,,,350538864371005,EMEF Monteiro Lobato
157171,sim,,,,,350538864460899,EMEF Monteiro Lobato
157172,,ok,ok,,,350538864459719,EMEF Monteiro Lobato
157173,,ok,ok,,,350538864462770,EMEF Monteiro Lobato
157174,,ok,ok,,,350538864468652,EMEF Monteiro Lobato
157175,,ok,ok,,,350538864459693,EMEF Monteiro Lobato
157176,,ok,ok,,,350538864371070,EMEF Monteiro Lobato
157177,,ok,ok,,,350538864460287,EMEF Monteiro Lobato
157178,,ok,ok,,,350538864459685,EMEF Monteiro Lobato
157179,,ok,ok,,,350538864459750,EMEF Monteiro Lobato
156530,,ok,,,,350538864796672,EMEF Paulo Freire
156532,,ok,,,,350538864807909,EMEF Paulo Freire
156533,,ok,,,,350538864796912,EMEF Paulo Freire
156534,,ok,,,,350538864791350,EMEF Paulo Freire
156535,,ok,,,,350538864798983,EMEF Paulo Freire
156536,,ok,,,,350538864799031,EMEF Paulo Freire
156537,,ok,,,,350538864790659,EMEF Paulo Freire
156538,,ok,,,,350538864797621,EMEF Paulo Freire
156539,,ok,,,,350538864797852,EMEF Paulo Freire
156540,,ok,,,,350538865217744,EMEF Paulo Freire
156541,,ok,,,,350538865202191,EMEF Paulo Freire
156544,,ok,,,,350538865205640,EMEF Paulo Freire
156545,,ok,,,,350538865201300,EMEF Paulo Freire
156548,,ok,,,,350538865205202,EMEF Paulo Freire
156549,,ok,,,,350538865201631,EMEF Paulo Freire
156550,,ok,,,,350538865210046,EMEF Paulo Freire
156551,,ok,,,,350538865210939,EMEF Paulo Freire
156552,,ok,,,,350538865212034,EMEF Paulo Freire
156553,,ok,,,,350538865211978,EMEF Paulo Freire
156554,,ok,,,,350538865212216,EMEF Paulo Freire
156555,,ok,,,,350538865208719,EMEF Paulo Freire
156556,,ok,,,,350538865198431,EMEF Paulo Freire
156557,,ok,,,,350538865211994,EMEF Paulo Freire
156558,,ok,,,,350538865221878,EMEF Paulo Freire
156561,,ok,,,,350538864118448,EMEF Paulo Freire
156562,,ok,,,,350538864118489,EMEF Paulo Freire
156563,,ok,,,,350538864120485,EMEF Paulo Freire
156564,,ok,,,,350538864120105,EMEF Paulo Freire
156565,,ok,,,,350538864142174,EMEF Paulo Freire
156566,,ok,,,,350538864132670,EMEF Paulo Freire
156567,,ok,,,,350538864144345,EMEF Paulo Freire
156568,,ok,,,,350538864129940,EMEF Paulo Freire
156569,,ok,,,,350538864118463,EMEF Paulo Freire
156570,,ok,,,,350538864369611,EMEF Paulo Freire
156571,,ok,,,,350538864462192,EMEF Paulo Freire
156572,,ok,,,,350538864465716,EMEF Paulo Freire
156573,,ok,,,,350538864463125,EMEF Paulo Freire
156574,,ok,,,,350538864464495,EMEF Paulo Freire
156575,,ok,,,,350538864463380,EMEF Paulo Freire
156576,,ok,,,,350538864369546,EMEF Paulo Freire
156577,,ok,,,,350538864465682,EMEF Paulo Freire
156578,,ok,,,,350538864366617,EMEF Paulo Freire
156579,,ok,,,,350538864463513,EMEF Paulo Freire
156580,,ok,,,,350538864370916,EMEF Paulo Freire
156581,,ok,,,,350538864460113,EMEF Paulo Freire
156582,,ok,,,,350538864474429,EMEF Paulo Freire
156583,,ok,,,,350538864473579,EMEF Paulo Freire
156584,,ok,,,,350538864459560,EMEF Paulo Freire
156585,,ok,,,,350538864459347,EMEF Paulo Freire
156586,,ok,,,,350538864370387,EMEF Paulo Freire
156587,,ok,,,,350538864464073,EMEF Paulo Freire
156588,,ok,,,,350538864115683,EMEF Paulo Freire
156589,,ok,,,,350538864371229,EMEF Paulo Freire
156590,,ok,,,,350538865041300,EMEF Paulo Freire
156591,,ok,,,,350538865047968,EMEF Paulo Freire
156592,,ok,,,,350538865056472,EMEF Paulo Freire
156593,,ok,,,,350538865042167,EMEF Paulo Freire
156594,,ok,,,,350538865041391,EMEF Paulo Freire
156595,,ok,,,,350538865039775,EMEF Paulo Freire
156596,,ok,,,,350538865069095,EMEF Paulo Freire
156598,,ok,,,,350538865040294,EMEF Paulo Freire
156599,,ok,,,,350538865055037,EMEF Paulo Freire
156600,,ok,,,,350538864306035,EMEF Paulo Freire
156601,,ok,,,,350538864171645,EMEF Paulo Freire
156602,,ok,,,,350538864168435,EMEF Paulo Freire
156603,,ok,,,,350538864168765,EMEF Paulo Freire
156604,,ok,,,,350538864304592,EMEF Paulo Freire
156605,,ok,,,,350538864302687,EMEF Paulo Freire
156606,,ok,,,,350538864167619,EMEF Paulo Freire
156607,,ok,,,,350538864166678,EMEF Paulo Freire
156608,,ok,,,,350538864166983,EMEF Paulo Freire
156609,,ok,,,,350538864165613,EMEF Paulo Freire
156610,,ok,,,,350538864795609,EMEF Paulo Freire
156611,,ok,,,,350538864795930,EMEF Paulo Freire
156612,,ok,,,,350538864794388,EMEF Paulo Freire
156613,,ok,,,,350538864810523,EMEF Paulo Freire
156614,,ok,,,,350538864793521,EMEF Paulo Freire
156615,,ok,,,,350538864797498,EMEF Paulo Freire
156616,,ok,,,,350538864795120,EMEF Paulo Freire
156617,,ok,,,,350538864794305,EMEF Paulo Freire
156618,,ok,,,,350538864794032,EMEF Paulo Freire
156619,,ok,,,,350538864794461,EMEF Paulo Freire
156621,,ok,,,,350538864510164,EMEF Paulo Freire
156622,,ok,,,,350538864510040,EMEF Paulo Freire
156623,,ok,,,,350538864676650,EMEF Paulo Freire
156624,,ok,,,,350538864510131,EMEF Paulo Freire
156625,,ok,,,,350538864683540,EMEF Paulo Freire
156626,,ok,,,,350538864659029,EMEF Paulo Freire
156627,,ok,,,,350538864683987,EMEF Paulo Freire
156628,,ok,,,,350538864510164,EMEF Paulo Freire
156629,,ok,,,,350538864674200,EMEF Paulo Freire
156630,,ok,,,,350538864792945,EMEF Paulo Freire
156631,,ok,,,,350538864801662,EMEF Paulo Freire
156632,,ok,,,,350538864798959,EMEF Paulo Freire
156633,,ok,,,,350538864792150,EMEF Paulo Freire
156634,,ok,,,,350538864793273,EMEF Paulo Freire
156635,,ok,,,,350538864794495,EMEF Paulo Freire
156636,,ok,,,,350538864793158,EMEF Paulo Freire
156638,,ok,,,,350538864799023,EMEF Paulo Freire
156639,,ok,,,,350538864792374,EMEF Paulo Freire
158590,,ok,,,,350538864743948,EMEF Paulo Freire
158604,,ok,,,,350538864998450,EMEF Paulo Freire
158608,,ok,,,,350538865031426,EMEF Paulo Freire
158609,,ok,,,,350538865001379,EMEF Paulo Freire
158613,,ok,,,,350538865161496,EMEF Paulo Freire
158620,,ok,,,,350538864461525,EMEF Paulo Freire
157180,,ok,,,,350538864992644,EMEF Paulo VI
157181,,ok,,,,350538864998310,EMEF Paulo VI
157182,,ok,,,,350538864993691,EMEF Paulo VI
157183,,ok,,,,350538864996173,EMEF Paulo VI
157184,,ok,,,,350538864991331,EMEF Paulo VI
157185,,ok,,,,350538864991422,EMEF Paulo VI
157186,,ok,,,,350538864992008,EMEF Paulo VI
157187,,ok,,,,350538864991406,EMEF Paulo VI
157188,,ok,,,,350538864992107,EMEF Paulo VI
157189,,ok,,,,350538864991380,EMEF Paulo VI
157190,,ok,,,,350538864438432,EMEF Paulo VI
157191,,ok,,,,350538864436899,EMEF Paulo VI
157192,,ok,,,,350538864438317,EMEF Paulo VI
157193,,ok,,,,350538864447631,EMEF Paulo VI
157194,,ok,,,,350538864448449,EMEF Paulo VI
157195,,ok,,,,350538864447128,EMEF Paulo VI
157196,,ok,,,,350538864447169,EMEF Paulo VI
157197,,ok,,,,350538864447003,EMEF Paulo VI
157198,,ok,,,,350538864437731,EMEF Paulo VI
157199,,ok,,,,350538864438374,EMEF Paulo VI
157200,,ok,,,,350538864363622,EMEF Paulo VI
157201,,ok,,,,350538864367870,EMEF Paulo VI
157202,,ok,,,,350538864363820,EMEF Paulo VI
157203,,ok,,,,350538864467779,EMEF Paulo VI
157204,Sim,,,,BO em 25/02/25,350538864363523,EMEF Paulo VI
157205,,ok,,,,350538864363499,EMEF Paulo VI
157206,,ok,,,,350538864363572,EMEF Paulo VI
157207,,ok,,,,350538864364042,EMEF Paulo VI
157208,,ok,,,,350538864363473,EMEF Paulo VI
157209,,ok,,,,350538864368274,EMEF Paulo VI
157210,,ok,,,,350538863775347,EMEF Paulo VI
157211,,ok,,,,350538863774969,EMEF Paulo VI
157212,,ok,,,,350538863774126,EMEF Paulo VI
157213,Sim,,,,BO em 25/02/25,350538863774852,EMEF Paulo VI
157214,,ok,,,,350538863774951,EMEF Paulo VI
157215,Sim,,,,BO em 25/02/25,350538863775495,EMEF Paulo VI
157216,,ok,,,quebrado,350538863769944,EMEF Paulo VI
157217,,ok,,,,350538863777525,EMEF Paulo VI
157218,,ok,,,,350538863775008,EMEF Paulo VI
157219,,ok,,,,350538863779927,EMEF Paulo VI
157220,,ok,,,,350538864833186,EMEF Paulo VI
157221,,ok,,,,350538864785626,EMEF Paulo VI
157222,Sim,,,,BO em 25/02/25,350538864706986,EMEF Paulo VI
157223,Sim,,,,BO em 25/02/25,350538864777086,EMEF Paulo VI
157224,,ok,,,,350538864778936,EMEF Paulo VI
157225,,ok,,,,350538864828996,EMEF Paulo VI
157226,,ok,,,,350538864845123,EMEF Paulo VI
157227,,ok,,,,350538864832709,EMEF Paulo VI
157228,,ok,,,,350538864775767,EMEF Paulo VI
157229,Sim,,,,BO em 25/02/25,350538864829036,EMEF Paulo VI
157230,,ok,,,,350538864364984,EMEF Paulo VI
157231,,ok,,,,350538864357277,EMEF Paulo VI
157232,,ok,,,,350538864359182,EMEF Paulo VI
157233,,ok,,,,350538864356741,EMEF Paulo VI
157234,,ok,,,,350538864363812,EMEF Paulo VI
157235,,ok,,,,350538864356444,EMEF Paulo VI
157236,,ok,,,,350538864357152,EMEF Paulo VI
157237,,ok,,,,350538864356493,EMEF Paulo VI
157238,,ok,,,,350538864356717,EMEF Paulo VI
157239,,ok,,,,350538864359281,EMEF Paulo VI
154950,,ok,ok,,,350538864461947,EMEF Pernambuco
154951,,ok,ok,,,350538864461020,EMEF Pernambuco
154952,,ok,ok,,,350538864463901,EMEF Pernambuco
154953,,ok,ok,,,350538864461491,EMEF Pernambuco
154954,,ok,ok,,,350538864465252,EMEF Pernambuco
154955,,ok,ok,,,350538864461715,EMEF Pernambuco
154956,,ok,ok,,,350538864461897,EMEF Pernambuco
154957,,ok,ok,,,350538864471235,EMEF Pernambuco
154958,,ok,ok,,,350538864461327,EMEF Pernambuco
154959,,ok,ok,,,350538864465237,EMEF Pernambuco
154960,,ok,ok,,,350538865002567,EMEF Pernambuco
154961,,ok,ok,,,350538865005743,EMEF Pernambuco
154962,,ok,ok,,,350538865003276,EMEF Pernambuco
154963,,ok,ok,,,350538865003870,EMEF Pernambuco
154964,,ok,ok,,,350538865030188,EMEF Pernambuco
154965,,ok,ok,,,350538865005123,EMEF Pernambuco
154966,,ok,ok,,,350538865005792,EMEF Pernambuco
154967,,ok,ok,,,350538865004225,EMEF Pernambuco
154968,,ok,ok,,,350538865037274,EMEF Pernambuco
154969,,ok,ok,,,350538865030055,EMEF Pernambuco
154970,,ok,ok,,,350538865214402,EMEF Pernambuco
154971,,ok,ok,,,350538865202993,EMEF Pernambuco
154972,,ok,ok,,,350538865213024,EMEF Pernambuco
154973,,ok,ok,,,350538865202878,EMEF Pernambuco
154974,,ok,ok,,,350538865202647,EMEF Pernambuco
154975,,ok,ok,,,350538865203140,EMEF Pernambuco
154976,,ok,ok,,,350538865202712,EMEF Pernambuco
154977,,ok,ok,,,350538865202472,EMEF Pernambuco
154978,,ok,ok,,,350538865202332,EMEF Pernambuco
154979,,ok,ok,,,350538865210996,EMEF Pernambuco
154980,,ok,ok,,,350538864369371,EMEF Pernambuco
154981,,ok,ok,,,350538864368027,EMEF Pernambuco
154982,,ok,ok,,,350538864366930,EMEF Pernambuco
154983,,ok,ok,,,350538864465690,EMEF Pernambuco
154984,,ok,ok,,,350538864463455,EMEF Pernambuco
154985,,ok,ok,,,350538864367664,EMEF Pernambuco
154986,,ok,ok,,,350538864369355,EMEF Pernambuco
154987,,ok,ok,,,350538864370239,EMEF Pernambuco
154988,,ok,ok,,,350538864367656,EMEF Pernambuco
154989,,ok,ok,,,350538864367805,EMEF Pernambuco
154990,,ok,ok,,,350538864357996,EMEF Pernambuco
154991,,ok,ok,,,350538864358242,EMEF Pernambuco
154992,,ok,ok,,,350538864361543,EMEF Pernambuco
154993,,ok,ok,,,350538864358051,EMEF Pernambuco
154994,,ok,ok,,,350538864359331,EMEF Pernambuco
154995,,ok,ok,,,350538864357566,EMEF Pernambuco
154996,,ok,ok,,,350538864366252,EMEF Pernambuco
154997,,ok,ok,,,350538864358747,EMEF Pernambuco
154998,,ok,ok,,,350538864358937,EMEF Pernambuco
154999,,ok,ok,,,350538864479063,EMEF Pernambuco
155000,,ok,ok,,,350538865201888,EMEF Pernambuco
155001,,ok,ok,,,350538865216290,EMEF Pernambuco
155002,,ok,ok,,,350538865203033,EMEF Pernambuco
155003,,ok,ok,,,350538865217876,EMEF Pernambuco
155004,,ok,ok,,,350538865204825,EMEF Pernambuco
155005,,ok,ok,,,350538865145267,EMEF Pernambuco
155006,,ok,ok,,,350538865211374,EMEF Pernambuco
155007,,ok,ok,,,350538865144856,EMEF Pernambuco
155008,,ok,ok,,,350538865145622,EMEF Pernambuco
155009,,ok,ok,,,350538865217207,EMEF Pernambuco
158520,,ok,ok,,,350538864817742,EMEF Pernambuco
158521,,ok,ok,,,350538864775619,EMEF Pernambuco
158522,,ok,ok,,,350538864775635,EMEF Pernambuco
158523,,ok,ok,,,350538864812941,EMEF Pernambuco
158524,,ok,ok,,,350538864831354,EMEF Pernambuco
158525,,ok,ok,,,350538864775528,EMEF Pernambuco
158526,,ok,ok,,,350538864775502,EMEF Pernambuco
158527,,ok,ok,,,350538865166628,EMEF Pernambuco
158528,,ok,ok,,,350538865166511,EMEF Pernambuco
158529,,ok,ok,,,350538864468595,EMEF Pernambuco
158530,,ok,ok,,,350538864118299,EMEF Pernambuco
158531,,ok,ok,,,350538864149096,EMEF Pernambuco
158532,,ok,ok,,,350538864137125,EMEF Pernambuco
158533,,ok,ok,,,350538864117846,EMEF Pernambuco
158534,,ok,ok,,,350538864119388,EMEF Pernambuco
158535,,ok,ok,,,350538864119909,EMEF Pernambuco
158536,,ok,ok,,,350538864117895,EMEF Pernambuco
158537,,BO em 05/11/25,,,,350538864121160,EMEF Pernambuco
158538,,ok,ok,,,350538864124297,EMEF Pernambuco
158539,,ok,ok,,,350538864118000,EMEF Pernambuco
158540,,ok,ok,,,350538864421305,EMEF Pernambuco
158541,,ok,ok,,,350538864421222,EMEF Pernambuco
158542,,ok,ok,,,350538864424317,EMEF Pernambuco
158543,,ok,ok,,,350538864372177,EMEF Pernambuco
158544,,ok,ok,,,350538864383844,EMEF Pernambuco
158545,,ok,ok,,,350538864420448,EMEF Pernambuco
158546,,ok,ok,,,350538864392068,EMEF Pernambuco
158547,,ok,ok,,,350538864391961,EMEF Pernambuco
158548,,ok,ok,,,350538864420554,EMEF Pernambuco
158549,,ok,ok,,,350538864385955,EMEF Pernambuco
158550,,ok,ok,,,350538865171859,EMEF Pernambuco
158551,,ok,ok,,,350538864683458,EMEF Pernambuco
158552,,BO em 05/11/25,,,,350538864659235,EMEF Pernambuco
158553,,ok,ok,,,350538865130475,EMEF Pernambuco
158554,,ok,ok,,,350538865133800,EMEF Pernambuco
155960,,ok,ok,,,350538864460402,EMEF Prefeito Edgar Fontoura
155961,,ok,ok,,,350538864460865,EMEF Prefeito Edgar Fontoura
155962,,ok,ok,,,350538864460410,EMEF Prefeito Edgar Fontoura
155963,,ok,ok,,,350538864471557,EMEF Prefeito Edgar Fontoura
155964,,ok,ok,,,350538864371195,EMEF Prefeito Edgar Fontoura
155965,,ok,ok,,,350538864465385,EMEF Prefeito Edgar Fontoura
155966,,ok,ok,,,350538864460428,EMEF Prefeito Edgar Fontoura
155967,,ok,ok,,,350538864459313,EMEF Prefeito Edgar Fontoura
155968,,ok,ok,,,350538864466664,EMEF Prefeito Edgar Fontoura
155969,,ok,ok,,,350538864371153,EMEF Prefeito Edgar Fontoura
155970,,ok,ok,,,350538865130525,EMEF Prefeito Edgar Fontoura
155971,,ok,ok,,,350538865135656,EMEF Prefeito Edgar Fontoura
155972,,ok,ok,,,350538865169010,EMEF Prefeito Edgar Fontoura
155973,,ok,ok,,,350538865167204,EMEF Prefeito Edgar Fontoura
155974,,ok,ok,,,350538865166925,EMEF Prefeito Edgar Fontoura
155975,,ok,ok,,,350538865166081,EMEF Prefeito Edgar Fontoura
155976,,ok,ok,,,350538865166487,EMEF Prefeito Edgar Fontoura
155977,,ok,ok,,,350538865171933,EMEF Prefeito Edgar Fontoura
155978,,ok,ok,,,350538865169887,EMEF Prefeito Edgar Fontoura
155979,,ok,ok,,,350538865165745,EMEF Prefeito Edgar Fontoura
155980,,ok,ok,,,350538864147744,EMEF Prefeito Edgar Fontoura
155981,,ok,ok,,,350538864141499,EMEF Prefeito Edgar Fontoura
155982,,ok,ok,,,350538864141457,EMEF Prefeito Edgar Fontoura
155983,,ok,ok,,,350538864119958,EMEF Prefeito Edgar Fontoura
155984,,ok,ok,,,350538864141374,EMEF Prefeito Edgar Fontoura
155985,,ok,ok,,,350538864142943,EMEF Prefeito Edgar Fontoura
155986,,ok,ok,,,350538864119719,EMEF Prefeito Edgar Fontoura
155987,,ok,ok,,,350538864141440,EMEF Prefeito Edgar Fontoura
155988,,ok,ok,,,350538864120345,EMEF Prefeito Edgar Fontoura
155989,,ok,ok,,,350538864141408,EMEF Prefeito Edgar Fontoura
155990,,ok,ok,,,350538864939587,EMEF Prefeito Edgar Fontoura
155991,,ok,ok,,,350538864424713,EMEF Prefeito Edgar Fontoura
155992,,ok,ok,,,350538864393165,EMEF Prefeito Edgar Fontoura
155993,,ok,ok,,,350538864422451,EMEF Prefeito Edgar Fontoura
155994,,ok,ok,,,350538864419457,EMEF Prefeito Edgar Fontoura
155995,,ok,ok,,,350538864423798,EMEF Prefeito Edgar Fontoura
155996,,ok,ok,,,350538864385617,EMEF Prefeito Edgar Fontoura
155997,,ok,ok,,,350538864385633,EMEF Prefeito Edgar Fontoura
155998,,ok,ok,,,350538864419176,EMEF Prefeito Edgar Fontoura
155999,,ok,ok,,,350538864374504,EMEF Prefeito Edgar Fontoura
156000,,ok,ok,,,350538864460030,EMEF Prefeito Edgar Fontoura
156001,,ok,ok,,,350538864465302,EMEF Prefeito Edgar Fontoura
156002,,ok,ok,,,350538864461129,EMEF Prefeito Edgar Fontoura
156003,,ok,ok,,,350538864461145,EMEF Prefeito Edgar Fontoura
156004,,ok,ok,,,350538864463851,EMEF Prefeito Edgar Fontoura
156005,,ok,ok,,,350538864463802,EMEF Prefeito Edgar Fontoura
156006,,ok,ok,,,350538864460089,EMEF Prefeito Edgar Fontoura
156007,,ok,ok,,,350538864461335,EMEF Prefeito Edgar Fontoura
156008,,ok,ok,,,350538864461194,EMEF Prefeito Edgar Fontoura
156009,,ok,ok,,,350538864461673,EMEF Prefeito Edgar Fontoura
158625,,ok,ok,,,350538865144062,EMEF Prefeito Edgar Fontoura
158626,,ok,ok,,,350538865197482,EMEF Prefeito Edgar Fontoura
158627,,ok,ok,,,350538865205590,EMEF Prefeito Edgar Fontoura
158628,,ok,ok,,,350538865199256,EMEF Prefeito Edgar Fontoura
158629,,ok,ok,,,350538865198357,EMEF Prefeito Edgar Fontoura
158630,,ok,ok,,,350538865198092,EMEF Prefeito Edgar Fontoura
158631,,ok,ok,,,350538865219278,EMEF Prefeito Edgar Fontoura
158632,,ok,ok,,,350538865199116,EMEF Prefeito Edgar Fontoura
158633,,ok,ok,,,350538865199868,EMEF Prefeito Edgar Fontoura
158634,,ok,ok,,,350538865216381,EMEF Prefeito Edgar Fontoura
158635,,ok,ok,,,350538864997916,EMEF Prefeito Edgar Fontoura
158636,,ok,ok,,,350538865000652,EMEF Prefeito Edgar Fontoura
158637,,ok,ok,,,350538865001205,EMEF Prefeito Edgar Fontoura
158638,,ok,ok,,,350538865001155,EMEF Prefeito Edgar Fontoura
158639,,ok,ok,,,350538865037449,EMEF Prefeito Edgar Fontoura
158640,,ok,ok,,,350538865030899,EMEF Prefeito Edgar Fontoura
158641,,ok,ok,,,350538865000439,EMEF Prefeito Edgar Fontoura
158642,,ok,ok,,,350538865000421,EMEF Prefeito Edgar Fontoura
158643,,ok,ok,,,350538864997569,EMEF Prefeito Edgar Fontoura
158644,,ok,ok,,,350538864997528,EMEF Prefeito Edgar Fontoura
158645,,ok,ok,,,350538864266536,EMEF Prefeito Edgar Fontoura
158646,,ok,ok,,,350538864609321,EMEF Prefeito Edgar Fontoura
158647,,ok,ok,,,350538864260760,EMEF Prefeito Edgar Fontoura
158648,,ok,ok,,,350538864260893,EMEF Prefeito Edgar Fontoura
158649,,ok,ok,,,350538864270728,EMEF Prefeito Edgar Fontoura
158650,,ok,ok,,,350538864260802,EMEF Prefeito Edgar Fontoura
158651,,ok,ok,,,350538864609339,EMEF Prefeito Edgar Fontoura
158652,,ok,ok,,,350538864260786,EMEF Prefeito Edgar Fontoura
158653,,ok,ok,,,350538864608257,EMEF Prefeito Edgar Fontoura
158654,,ok,ok,,,350538864269241,EMEF Prefeito Edgar Fontoura
158655,,ok,ok,,,350538864366120,EMEF Prefeito Edgar Fontoura
158656,,ok,ok,,,350538864464529,EMEF Prefeito Edgar Fontoura
158657,,ok,ok,,,350538864367573,EMEF Prefeito Edgar Fontoura
158658,,ok,ok,,,350538864462382,EMEF Prefeito Edgar Fontoura
158659,,ok,ok,,,350538864365304,EMEF Prefeito Edgar Fontoura
154700,,ok,ok,,,350538864508176,EMEF Professor Doutor Rui Cirne Lima
154701,,ok,ok,,,350538864369603,EMEF Professor Doutor Rui Cirne Lima
154702,,ok,ok,,,350538864464024,EMEF Professor Doutor Rui Cirne Lima
154703,,ok,ok,,,350538864369686,EMEF Professor Doutor Rui Cirne Lima
154704,,ok,ok,,,350538864369009,EMEF Professor Doutor Rui Cirne Lima
154705,,ok,ok,,,350538864464289,EMEF Professor Doutor Rui Cirne Lima
154706,,ok,ok,,,350538864370098,EMEF Professor Doutor Rui Cirne Lima
154707,,ok,ok,,,350538864475830,EMEF Professor Doutor Rui Cirne Lima
154708,,ok,ok,,,350538864118430,EMEF Professor Doutor Rui Cirne Lima
154709,,ok,ok,,,350538864369868,EMEF Professor Doutor Rui Cirne Lima
154710,,ok,ok,,,350538864218198,EMEF Professor Doutor Rui Cirne Lima
154711,,ok,ok,,,350538863760083,EMEF Professor Doutor Rui Cirne Lima
154712,,ok,ok,,,350538863768730,EMEF Professor Doutor Rui Cirne Lima
154713,,ok,ok,,,350538864222570,EMEF Professor Doutor Rui Cirne Lima
154714,,ok,ok,,,350538864218503,EMEF Professor Doutor Rui Cirne Lima
154715,,ok,ok,,,350538863759655,EMEF Professor Doutor Rui Cirne Lima
154716,,ok,ok,,,350538863764739,EMEF Professor Doutor Rui Cirne Lima
154717,,ok,ok,,,350538863769258,EMEF Professor Doutor Rui Cirne Lima
154718,,ok,ok,,,350538863765595,EMEF Professor Doutor Rui Cirne Lima
154719,,ok,ok,,,350538864220475,EMEF Professor Doutor Rui Cirne Lima
154720,,ok,ok,,,350538864461707,EMEF Professor Doutor Rui Cirne Lima
154721,,ok,ok,,,350538864459859,EMEF Professor Doutor Rui Cirne Lima
154722,sim,,,,Memo 2025004838,350538864461236,EMEF Professor Doutor Rui Cirne Lima
154723,sim,,,,Memo 2025004838,350538864459958,EMEF Professor Doutor Rui Cirne Lima
154724,,ok,ok,,,350538864459990,EMEF Professor Doutor Rui Cirne Lima
154725,,ok,ok,,,350538864460071,EMEF Professor Doutor Rui Cirne Lima
154726,,ok,ok,,,350538864475509,EMEF Professor Doutor Rui Cirne Lima
154727,sim,,,,Memo 2025004838,350538864460121,EMEF Professor Doutor Rui Cirne Lima
154728,sim,,,,Memo 2025004838,350538864459818,EMEF Professor Doutor Rui Cirne Lima
154729,sim,,,,Memo 2025004838,350538864462002,EMEF Professor Doutor Rui Cirne Lima
158025,sim,,ok,,,350538864418004,EMEF Professor Doutor Rui Cirne Lima
158026,sim,,,,Memo 2025004838,350538864418145,EMEF Professor Doutor Rui Cirne Lima
158027,sim,ok,,,Memo 2025004835,350538864418426,EMEF Professor Doutor Rui Cirne Lima
158028,sim,,ok,,Memo 2025004836,350538864418061,EMEF Professor Doutor Rui Cirne Lima
158029,sim,,ok,,Memo 2025004837,350538864426155,EMEF Professor Doutor Rui Cirne Lima
158075,sim,,,,Memo 2025004838,350538863760984,EMEF Professor Doutor Rui Cirne Lima
158076,sim,,,,Memo 2025004838,350538864221515,EMEF Professor Doutor Rui Cirne Lima
158077,sim,,,,Memo 2025004838,350538864221812,EMEF Professor Doutor Rui Cirne Lima
158078,sim,,,,Memo 2025004838,350538864221911,EMEF Professor Doutor Rui Cirne Lima
158079,sim,,,,Memo 2025004838,350538864221523,EMEF Professor Doutor Rui Cirne Lima
158591,,ok,ok,,,350538864684068,EMEF Professor Doutor Rui Cirne Lima
158592,,ok,ok,,,350538864746180,EMEF Professor Doutor Rui Cirne Lima
158593,,ok,ok,,,350538864745836,EMEF Professor Doutor Rui Cirne Lima
158594,,ok,ok,,,350538864682955,EMEF Professor Doutor Rui Cirne Lima
158595,,ok,ok,,,350538864741546,EMEF Professor Doutor Rui Cirne Lima
158596,,ok,ok,,,350538864740985,EMEF Professor Doutor Rui Cirne Lima
158597,,ok,ok,,,350538864682229,EMEF Professor Doutor Rui Cirne Lima
158598,,ok,ok,,,350538864741264,EMEF Professor Doutor Rui Cirne Lima
158599,,ok,ok,,,350538864679357,EMEF Professor Doutor Rui Cirne Lima
158600,,ok,ok,,,350538864999888,EMEF Professor Doutor Rui Cirne Lima
158601,,ok,ok,,,350538865000769,EMEF Professor Doutor Rui Cirne Lima
158602,,ok,ok,,,350538865057918,EMEF Professor Doutor Rui Cirne Lima
158603,,ok,ok,,,350538865030527,EMEF Professor Doutor Rui Cirne Lima
158605,,ok,ok,,,350538864999706,EMEF Professor Doutor Rui Cirne Lima
158606,,ok,ok,,,350538865067651,EMEF Professor Doutor Rui Cirne Lima
158607,,ok,ok,,,350538865031509,EMEF Professor Doutor Rui Cirne Lima
158610,,ok,ok,,,350538865172477,EMEF Professor Doutor Rui Cirne Lima
158611,,ok,ok,,,350538865161504,EMEF Professor Doutor Rui Cirne Lima
158612,,ok,ok,,,350538865169184,EMEF Professor Doutor Rui Cirne Lima
158614,,ok,ok,,,350538865169150,EMEF Professor Doutor Rui Cirne Lima
158615,,ok,ok,,,350538865167659,EMEF Professor Doutor Rui Cirne Lima
158616,,ok,ok,,,350538865130608,EMEF Professor Doutor Rui Cirne Lima
158617,,ok,ok,,,350538865127166,EMEF Professor Doutor Rui Cirne Lima
158618,,ok,ok,,,350538865168582,EMEF Professor Doutor Rui Cirne Lima
158619,,ok,ok,,,350538865162171,EMEF Professor Doutor Rui Cirne Lima
158621,,ok,ok,,,350538862649311,EMEF Professor Doutor Rui Cirne Lima
158622,,ok,ok,,,350538862652869,EMEF Professor Doutor Rui Cirne Lima
158623,,ok,ok,,,350538862649345,EMEF Professor Doutor Rui Cirne Lima
158624,,ok,ok,,,350538862653297,EMEF Professor Doutor Rui Cirne Lima
157650,,ok,ok,,,350538862658585,EMEF Professor Thiago Wurth
157651,,ok,ok,,,350538862658684,EMEF Professor Thiago Wurth
157652,,ok,ok,,,350538862676355,EMEF Professor Thiago Wurth
157653,,ok,ok,,,350538862686529,EMEF Professor Thiago Wurth
157654,,ok,ok,,,350538862623290,EMEF Professor Thiago Wurth
157655,,ok,ok,,,350538862676504,EMEF Professor Thiago Wurth
157656,,ok,ok,,,350538862676272,EMEF Professor Thiago Wurth
157657,,ok,ok,,,350538862655466,EMEF Professor Thiago Wurth
157658,,ok,ok,,,350538862658908,EMEF Professor Thiago Wurth
157659,,ok,ok,,,350538862660375,EMEF Professor Thiago Wurth
157660,,ok,ok,,,350538864837856,EMEF Professor Thiago Wurth
157661,,ok,ok,,,350538864846725,EMEF Professor Thiago Wurth
157662,,ok,ok,,,350538864785501,EMEF Professor Thiago Wurth
157663,,ok,ok,,,350538864837153,EMEF Professor Thiago Wurth
157664,,ok,ok,,,350538864844878,EMEF Professor Thiago Wurth
157665,,ok,ok,,,350538864847558,EMEF Professor Thiago Wurth
157666,,ok,ok,,,350538864833954,EMEF Professor Thiago Wurth
157667,,ok,ok,,,350538864836429,EMEF Professor Thiago Wurth
157668,,ok,ok,,,350538864839670,EMEF Professor Thiago Wurth
157669,,ok,ok,,,350538864839886,EMEF Professor Thiago Wurth
157670,,ok,ok,,,350538864424192,EMEF Professor Thiago Wurth
157671,,ok,ok,,,350538864424556,EMEF Professor Thiago Wurth
157672,,ok,ok,,,350538864416420,EMEF Professor Thiago Wurth
157673,,ok,ok,,,350538864417857,EMEF Professor Thiago Wurth
157674,,ok,ok,,,350538864421339,EMEF Professor Thiago Wurth
157675,,ok,ok,,,350538864424564,EMEF Professor Thiago Wurth
157676,,ok,ok,,,350538864422469,EMEF Professor Thiago Wurth
157677,,ok,ok,,,350538864385609,EMEF Professor Thiago Wurth
157678,,ok,ok,,,350538864939512,EMEF Professor Thiago Wurth
157679,,ok,ok,,,350538864417774,EMEF Professor Thiago Wurth
157680,,ok,ok,,,350538865029644,EMEF Professor Thiago Wurth
157681,,ok,ok,,,350538865062876,EMEF Professor Thiago Wurth
157682,,ok,ok,,,350538865029602,EMEF Professor Thiago Wurth
157683,,ok,ok,,,350538864984625,EMEF Professor Thiago Wurth
157684,,ok,ok,,,350538865069640,EMEF Professor Thiago Wurth
157685,,ok,ok,,,350538865029636,EMEF Professor Thiago Wurth
157686,,ok,ok,,,350538864989335,EMEF Professor Thiago Wurth
157687,,ok,ok,,,350538864984567,EMEF Professor Thiago Wurth
157688,,ok,ok,,,350538864986620,EMEF Professor Thiago Wurth
157689,,ok,ok,,,350538864986935,EMEF Professor Thiago Wurth
157690,,ok,ok,,,350538865077320,EMEF Professor Thiago Wurth
157691,,ok,ok,,,350538865223502,EMEF Professor Thiago Wurth
157692,,ok,ok,,,350538865227768,EMEF Professor Thiago Wurth
157693,,ok,ok,,,350538865222793,EMEF Professor Thiago Wurth
157694,,ok,ok,,,354452910723620,EMEF Professor Thiago Wurth
157695,,ok,ok,,,350538865223742,EMEF Professor Thiago Wurth
157696,,ok,,,,350538865223833,EMEF Professor Thiago Wurth
157697,,ok,ok,,,350538865221712,EMEF Professor Thiago Wurth
157698,,ok,ok,,,350538865226554,EMEF Professor Thiago Wurth
157699,,ok,ok,,,350538865221704,EMEF Professor Thiago Wurth
157700,,ok,ok,,,350538864649913,EMEF Professor Thiago Wurth
157701,,ok,ok,,,350538864620203,EMEF Professor Thiago Wurth
157702,,ok,,,,350538864633073,EMEF Professor Thiago Wurth
157703,,ok,ok,,,350538864640037,EMEF Professor Thiago Wurth
157704,,ok,ok,,,350538864628545,EMEF Professor Thiago Wurth
157705,,ok,ok,,,350538864633339,EMEF Professor Thiago Wurth
157706,,ok,ok,,,350538864632711,EMEF Professor Thiago Wurth
157707,,ok,ok,,,350538864633248,EMEF Professor Thiago Wurth
157708,,ok,ok,,,350538864616342,EMEF Professor Thiago Wurth
157709,,ok,ok,,,350538864618660,EMEF Professor Thiago Wurth
157710,,ok,ok,,,350538865079284,EMEF Professor Thiago Wurth
157711,,ok,ok,,,350538865085554,EMEF Professor Thiago Wurth
157712,,ok,ok,,,350538865079110,EMEF Professor Thiago Wurth
157713,,ok,ok,,,350538865227487,EMEF Professor Thiago Wurth
157714,,ok,ok,,,350538865091966,EMEF Professor Thiago Wurth
157715,,ok,ok,,,350538865225416,EMEF Professor Thiago Wurth
157716,,ok,ok,,,350538865226497,EMEF Professor Thiago Wurth
157717,,ok,ok,,,350538865091933,EMEF Professor Thiago Wurth
157718,,ok,ok,,,350538865227206,EMEF Professor Thiago Wurth
157719,,ok,ok,,,350538865225879,EMEF Professor Thiago Wurth
157720,,ok,ok,,,350538865206945,EMEF Professor Thiago Wurth
157721,,ok,ok,,,350538865213412,EMEF Professor Thiago Wurth
157722,,ok,ok,,,350538865213297,EMEF Professor Thiago Wurth
157723,,ok,ok,,,350538865211697,EMEF Professor Thiago Wurth
157724,,ok,ok,,,350538865207497,EMEF Professor Thiago Wurth
157725,,ok,ok,,,350538865211093,EMEF Professor Thiago Wurth
157726,,ok,,,,350538865213966,EMEF Professor Thiago Wurth
157727,,ok,ok,,,350538865211218,EMEF Professor Thiago Wurth
157728,,ok,ok,,,350538865211663,EMEF Professor Thiago Wurth
157729,,ok,ok,,,350538865209535,EMEF Professor Thiago Wurth
157730,,ok,ok,,,350538865047810,EMEF Professor Thiago Wurth
157731,,ok,ok,,,350538865001387,EMEF Professor Thiago Wurth
157732,,ok,ok,,,350538865058213,EMEF Professor Thiago Wurth
157733,,ok,ok,,,350538864999292,EMEF Professor Thiago Wurth
157734,,ok,ok,,,350538865000504,EMEF Professor Thiago Wurth
157735,,ok,ok,,,350538865048958,EMEF Professor Thiago Wurth
157736,,ok,ok,,,350538864998377,EMEF Professor Thiago Wurth
157737,,ok,ok,,,350538864999722,EMEF Professor Thiago Wurth
157738,,ok,ok,,,350538865034297,EMEF Professor Thiago Wurth
157739,,ok,ok,,,350538864997544,EMEF Professor Thiago Wurth
157740,,ok,ok,,,350538864913335,EMEF Professor Thiago Wurth
157741,,ok,ok,,,350538864915561,EMEF Professor Thiago Wurth
157742,,ok,ok,,,350538864913244,EMEF Professor Thiago Wurth
157743,,ok,ok,,,350538864915173,EMEF Professor Thiago Wurth
157744,,ok,ok,,,350538864917161,EMEF Professor Thiago Wurth
157745,,ok,ok,,,350538864919076,EMEF Professor Thiago Wurth
157746,,ok,ok,,,350538864912774,EMEF Professor Thiago Wurth
157747,,ok,ok,,,350538864907873,EMEF Professor Thiago Wurth
157748,,ok,ok,,,350538864918896,EMEF Professor Thiago Wurth
157749,,ok,ok,,,350538864905943,EMEF Professor Thiago Wurth
158145,,ok,ok,,,350538865131341,EMEF Professor Thiago Wurth
158146,,,,,BO em 26/02/25,350538865161371,EMEF Professor Thiago Wurth
158147,,ok,ok,,,350538865171354,EMEF Professor Thiago Wurth
158148,,ok,ok,,,350538865165950,EMEF Professor Thiago Wurth
158149,,ok,ok,,,350538865161595,EMEF Professor Thiago Wurth
158150,,ok,ok,,,350538865130707,EMEF Professor Thiago Wurth
158151,,ok,ok,,,350538865161835,EMEF Professor Thiago Wurth
158152,,ok,ok,,,350538865165778,EMEF Professor Thiago Wurth
158153,,ok,ok,,,350538865130723,EMEF Professor Thiago Wurth
158154,,,,,BO em 26/02/25,350538865130574,EMEF Professor Thiago Wurth
156640,,ok,ok,,,350538864938621,EMEF Professora Nancy Ferreira Pansera
156641,,ok,ok,,,350538864420430,EMEF Professora Nancy Ferreira Pansera
156642,,ok,ok,,,350538864425439,EMEF Professora Nancy Ferreira Pansera
156643,,ok,ok,,,350538864418632,EMEF Professora Nancy Ferreira Pansera
156644,,ok,ok,,,350538864392241,EMEF Professora Nancy Ferreira Pansera
156645,,ok,ok,,,350538864385880,EMEF Professora Nancy Ferreira Pansera
156646,,ok,ok,,,350538864393801,EMEF Professora Nancy Ferreira Pansera
156647,,ok,ok,,,350538864420406,EMEF Professora Nancy Ferreira Pansera
156648,,ok,ok,,,350538864420588,EMEF Professora Nancy Ferreira Pansera
156649,,ok,ok,,,350538864371708,EMEF Professora Nancy Ferreira Pansera
156650,,ok,ok,,,350538865210988,EMEF Professora Nancy Ferreira Pansera
156651,,ok,ok,,,350538865204908,EMEF Professora Nancy Ferreira Pansera
156652,,ok,ok,,,350538865208404,EMEF Professora Nancy Ferreira Pansera
156653,,ok,ok,,,350538865198472,EMEF Professora Nancy Ferreira Pansera
156654,,ok,ok,,,350538865198753,EMEF Professora Nancy Ferreira Pansera
156655,,ok,ok,,,350538865211200,EMEF Professora Nancy Ferreira Pansera
156656,,ok,ok,,,350538865211184,EMEF Professora Nancy Ferreira Pansera
156657,,ok,ok,,,350538865212729,EMEF Professora Nancy Ferreira Pansera
156658,,ok,ok,,,350538865142538,EMEF Professora Nancy Ferreira Pansera
156659,,ok,ok,,,350538865212992,EMEF Professora Nancy Ferreira Pansera
156660,,ok,ok,,,350538865209626,EMEF Professora Nancy Ferreira Pansera
156661,,ok,ok,,,350538865208412,EMEF Professora Nancy Ferreira Pansera
156662,,ok,ok,,,350538865216266,EMEF Professora Nancy Ferreira Pansera
156663,,ok,ok,,,350538865216159,EMEF Professora Nancy Ferreira Pansera
156664,,ok,ok,,,350538865216142,EMEF Professora Nancy Ferreira Pansera
156665,,ok,ok,,,350538865211598,EMEF Professora Nancy Ferreira Pansera
156666,,ok,ok,,,350538865213388,EMEF Professora Nancy Ferreira Pansera
156667,,ok,ok,,,350538865208974,EMEF Professora Nancy Ferreira Pansera
156668,,ok,ok,,,350538865214071,EMEF Professora Nancy Ferreira Pansera
156669,,ok,ok,,,350538865211432,EMEF Professora Nancy Ferreira Pansera
156670,,ok,ok,,,350538865133669,EMEF Professora Nancy Ferreira Pansera
156671,,ok,ok,,,350538865166495,EMEF Professora Nancy Ferreira Pansera
156672,,ok,ok,,,350538865133628,EMEF Professora Nancy Ferreira Pansera
156673,,ok,ok,,,350538865131036,EMEF Professora Nancy Ferreira Pansera
156674,,ok,ok,,,350538865167675,EMEF Professora Nancy Ferreira Pansera
156675,,ok,ok,,,351517863931069,EMEF Professora Nancy Ferreira Pansera
156676,,ok,ok,,,350538865133743,EMEF Professora Nancy Ferreira Pansera
156677,,ok,ok,,,350538865167048,EMEF Professora Nancy Ferreira Pansera
156678,,ok,ok,,,350538865130509,EMEF Professora Nancy Ferreira Pansera
156679,,ok,ok,,,350538865161777,EMEF Professora Nancy Ferreira Pansera
156680,,ok,ok,,,350538865147883,EMEF Professora Nancy Ferreira Pansera
156681,,ok,ok,,,350538865197177,EMEF Professora Nancy Ferreira Pansera
156682,,ok,ok,,,350538865197250,EMEF Professora Nancy Ferreira Pansera
156683,,ok,ok,,,350538865197441,EMEF Professora Nancy Ferreira Pansera
156684,,ok,ok,,,350538865142819,EMEF Professora Nancy Ferreira Pansera
156685,,ok,ok,,,350538865146224,EMEF Professora Nancy Ferreira Pansera
156686,,ok,ok,,,350538865147743,EMEF Professora Nancy Ferreira Pansera
156687,,ok,ok,,,350538865197185,EMEF Professora Nancy Ferreira Pansera
156688,,ok,ok,,,350538865197243,EMEF Professora Nancy Ferreira Pansera
156689,,ok,ok,,,350538865146364,EMEF Professora Nancy Ferreira Pansera
156690,,ok,ok,,,350538865219211,EMEF Professora Nancy Ferreira Pansera
156691,,ok,ok,,,350538865217009,EMEF Professora Nancy Ferreira Pansera
156692,,ok,ok,,,350538865218874,EMEF Professora Nancy Ferreira Pansera
156693,,ok,ok,,,350538865147073,EMEF Professora Nancy Ferreira Pansera
156694,,ok,ok,,,350538865147602,EMEF Professora Nancy Ferreira Pansera
156695,,ok,ok,,,350538865216274,EMEF Professora Nancy Ferreira Pansera
156696,,ok,ok,,,350538865218304,EMEF Professora Nancy Ferreira Pansera
156697,,ok,ok,,,350538865218239,EMEF Professora Nancy Ferreira Pansera
156698,,ok,ok,,,350538865219021,EMEF Professora Nancy Ferreira Pansera
156699,,ok,ok,,,350538865217124,EMEF Professora Nancy Ferreira Pansera
156700,,ok,Aguardando BO,,,350538864114918,EMEF Professora Nancy Ferreira Pansera
156701,,ok,ok,,,350538864115493,EMEF Professora Nancy Ferreira Pansera
156702,,ok,ok,,,350538864114793,EMEF Professora Nancy Ferreira Pansera
156703,,ok,Aguardando BO,,,350538864115592,EMEF Professora Nancy Ferreira Pansera
156704,,ok,ok,,,350538864114827,EMEF Professora Nancy Ferreira Pansera
156705,,ok,ok,,,350538864114801,EMEF Professora Nancy Ferreira Pansera
156706,,ok,ok,,,350538864116749,EMEF Professora Nancy Ferreira Pansera
156707,,ok,ok,,,350538864114595,EMEF Professora Nancy Ferreira Pansera
156708,,ok,Aguardando BO,,,350538864116616,EMEF Professora Nancy Ferreira Pansera
156709,,ok,ok,,,350538864119180,EMEF Professora Nancy Ferreira Pansera
156710,,ok,ok,,,350538865212802,EMEF Professora Nancy Ferreira Pansera
156711,,ok,ok,,,350538865148311,EMEF Professora Nancy Ferreira Pansera
156712,,ok,ok,,,350538865212679,EMEF Professora Nancy Ferreira Pansera
156713,,ok,ok,,,350538865203025,EMEF Professora Nancy Ferreira Pansera
156714,,ok,ok,,,350538865202704,EMEF Professora Nancy Ferreira Pansera
156715,,ok,ok,,,350538865196898,EMEF Professora Nancy Ferreira Pansera
156716,,ok,ok,,,350538865213164,EMEF Professora Nancy Ferreira Pansera
156717,,ok,ok,,,350538865198621,EMEF Professora Nancy Ferreira Pansera
156718,,ok,ok,,,350538865148147,EMEF Professora Nancy Ferreira Pansera
156719,,ok,ok,,,350538865210053,EMEF Professora Nancy Ferreira Pansera
156720,,ok,ok,,,350538864794230,EMEF Professora Nancy Ferreira Pansera
156721,,ok,ok,,,350538864793950,EMEF Professora Nancy Ferreira Pansera
156722,,ok,ok,,,350538864794065,EMEF Professora Nancy Ferreira Pansera
156723,,ok,ok,,,350538864794511,EMEF Professora Nancy Ferreira Pansera
156724,,ok,ok,,,350538864793703,EMEF Professora Nancy Ferreira Pansera
156725,,ok,ok,,,350538864794081,EMEF Professora Nancy Ferreira Pansera
156726,,ok,ok,,,350538864794644,EMEF Professora Nancy Ferreira Pansera
156727,,ok,ok,,,350538864793562,EMEF Professora Nancy Ferreira Pansera
156728,,ok,ok,,,350538864798462,EMEF Professora Nancy Ferreira Pansera
156729,,ok,ok,,,350538864796649,EMEF Professora Nancy Ferreira Pansera
156730,,ok,ok,,,350538864855510,EMEF Professora Nancy Ferreira Pansera
156731,,ok,ok,,,350538864861732,EMEF Professora Nancy Ferreira Pansera
156732,,ok,ok,,,350538864855791,EMEF Professora Nancy Ferreira Pansera
156733,,ok,ok,,,350538864853465,EMEF Professora Nancy Ferreira Pansera
156734,,ok,ok,,,350538864855817,EMEF Professora Nancy Ferreira Pansera
156735,,ok,ok,,,350538864854117,EMEF Professora Nancy Ferreira Pansera
156736,,ok,ok,,,350538864861161,EMEF Professora Nancy Ferreira Pansera
156737,,ok,ok,,,350538864856617,EMEF Professora Nancy Ferreira Pansera
156738,,ok,ok,,,350538864858035,EMEF Professora Nancy Ferreira Pansera
156739,,ok,ok,,,350538864861104,EMEF Professora Nancy Ferreira Pansera
156740,,ok,ok,,,350538865216779,EMEF Professora Nancy Ferreira Pansera
156741,,ok,ok,,,350538865215631,EMEF Professora Nancy Ferreira Pansera
156742,,ok,ok,,,350538865216894,EMEF Professora Nancy Ferreira Pansera
156743,,,,,BO em 15/09/25,350538865218148,EMEF Professora Nancy Ferreira Pansera
156744,,ok,ok,,,350538865217041,EMEF Professora Nancy Ferreira Pansera
156745,,ok,ok,,,350538865217066,EMEF Professora Nancy Ferreira Pansera
156746,,ok,ok,,,350538865215664,EMEF Professora Nancy Ferreira Pansera
156747,,ok,ok,,,350538865062223,EMEF Professora Nancy Ferreira Pansera
156748,,ok,ok,,,350538865218130,EMEF Professora Nancy Ferreira Pansera
156749,,ok,ok,,,350538865215540,EMEF Professora Nancy Ferreira Pansera
156750,,ok,ok,,,350538865178417,EMEF Professora Nancy Ferreira Pansera
156751,,ok,ok,,,350538865175496,EMEF Professora Nancy Ferreira Pansera
156752,,ok,ok,,,350538865125202,EMEF Professora Nancy Ferreira Pansera
156753,,ok,ok,,,350538864425074,EMEF Professora Nancy Ferreira Pansera
156754,,ok,ok,,,350538865175603,EMEF Professora Nancy Ferreira Pansera
156755,,ok,ok,,,350538865096700,EMEF Professora Nancy Ferreira Pansera
156756,,ok,ok,,,350538865094549,EMEF Professora Nancy Ferreira Pansera
156757,,ok,ok,,,350538865095090,EMEF Professora Nancy Ferreira Pansera
156758,,ok,ok,,,350538865175629,EMEF Professora Nancy Ferreira Pansera
156759,,ok,ok,,,350538865175439,EMEF Professora Nancy Ferreira Pansera
157750,,ok,ok,,,350538864775395,EMEF Professora Odette Yolanda Oliveira Freitas
157751,,ok,ok,Laudo 003/2026,,350538864831701,EMEF Professora Odette Yolanda Oliveira Freitas
157752,,ok,ok,,,350538864828970,EMEF Professora Odette Yolanda Oliveira Freitas
157753,,ok,ok,,,350538864829093,EMEF Professora Odette Yolanda Oliveira Freitas
157754,,ok,ok,,,350538864829010,EMEF Professora Odette Yolanda Oliveira Freitas
157755,,ok,ok,,,350538864776583,EMEF Professora Odette Yolanda Oliveira Freitas
157756,,ok,ok,,,350538864829085,EMEF Professora Odette Yolanda Oliveira Freitas
157757,,ok,ok,,,350538864779074,EMEF Professora Odette Yolanda Oliveira Freitas
157758,,ok,ok,,,350538864774166,EMEF Professora Odette Yolanda Oliveira Freitas
157759,,ok,ok,,,350538864831826,EMEF Professora Odette Yolanda Oliveira Freitas
157760,,ok,ok,,,350538864415075,EMEF Professora Odette Yolanda Oliveira Freitas
157761,,ok,ok,,,350538864424655,EMEF Professora Odette Yolanda Oliveira Freitas
157762,,ok,ok,,,350538864385724,EMEF Professora Odette Yolanda Oliveira Freitas
157763,,ok,ok,,,350538864938647,EMEF Professora Odette Yolanda Oliveira Freitas
157764,,ok,ok,,,350538864392852,EMEF Professora Odette Yolanda Oliveira Freitas
157765,,ok,ok,,,350538864392043,EMEF Professora Odette Yolanda Oliveira Freitas
157766,,ok,ok,,,350538864938241,EMEF Professora Odette Yolanda Oliveira Freitas
157767,,ok,ok,,,350538864421206,EMEF Professora Odette Yolanda Oliveira Freitas
157768,,ok,ok,,,350538864424879,EMEF Professora Odette Yolanda Oliveira Freitas
157769,,ok,ok,,,350538864417204,EMEF Professora Odette Yolanda Oliveira Freitas
157770,,ok,ok,,,350538864363333,EMEF Professora Odette Yolanda Oliveira Freitas
157771,,ok,ok,,,350538864356766,EMEF Professora Odette Yolanda Oliveira Freitas
157772,,ok,ok,,,350538864356618,EMEF Professora Odette Yolanda Oliveira Freitas
157773,,ok,ok,,,350538864357509,EMEF Professora Odette Yolanda Oliveira Freitas
157774,,ok,ok,,,350538864473124,EMEF Professora Odette Yolanda Oliveira Freitas
157775,,ok,ok,,,350538864359307,EMEF Professora Odette Yolanda Oliveira Freitas
157776,,ok,ok,,,350538864359893,EMEF Professora Odette Yolanda Oliveira Freitas
157777,,ok,ok,,,350538864357871,EMEF Professora Odette Yolanda Oliveira Freitas
157778,,ok,ok,,,350538864356683,EMEF Professora Odette Yolanda Oliveira Freitas
157779,,ok,ok,,,350538864358440,EMEF Professora Odette Yolanda Oliveira Freitas
157780,,ok,ok,,,350538865056621,EMEF Professora Odette Yolanda Oliveira Freitas
157781,,ok,ok,,,350538865041243,EMEF Professora Odette Yolanda Oliveira Freitas
157782,,ok,ok,,,350538865058338,EMEF Professora Odette Yolanda Oliveira Freitas
157783,,ok,ok,,,350538865041862,EMEF Professora Odette Yolanda Oliveira Freitas
157784,,ok,ok,,,350538865058437,EMEF Professora Odette Yolanda Oliveira Freitas
157785,,ok,ok,,,350538865054972,EMEF Professora Odette Yolanda Oliveira Freitas
157786,,ok,ok,,,350538865057322,EMEF Professora Odette Yolanda Oliveira Freitas
157787,,ok,ok,,,350538865057264,EMEF Professora Odette Yolanda Oliveira Freitas
157788,,ok,ok,,,350538865040484,EMEF Professora Odette Yolanda Oliveira Freitas
157789,,ok,ok,,,350538865055631,EMEF Professora Odette Yolanda Oliveira Freitas
157790,,ok,ok,,,350538864682351,EMEF Professora Odette Yolanda Oliveira Freitas
157791,,ok,ok,,,350538864683490,EMEF Professora Odette Yolanda Oliveira Freitas
157792,,ok,ok,,,350538864684340,EMEF Professora Odette Yolanda Oliveira Freitas
157793,,ok,ok,,,350538864684241,EMEF Professora Odette Yolanda Oliveira Freitas
157794,,ok,ok,,,350538864659375,EMEF Professora Odette Yolanda Oliveira Freitas
157795,,ok,ok,,,350538864657155,EMEF Professora Odette Yolanda Oliveira Freitas
157796,,ok,ok,,,350538864682658,EMEF Professora Odette Yolanda Oliveira Freitas
157797,,ok,ok,,,350538864659193,EMEF Professora Odette Yolanda Oliveira Freitas
157798,,ok,ok,,,350538864682799,EMEF Professora Odette Yolanda Oliveira Freitas
157799,,ok,ok,,,350538864682757,EMEF Professora Odette Yolanda Oliveira Freitas
157800,,ok,ok,,,350538863761438,EMEF Professora Odette Yolanda Oliveira Freitas
157801,,ok,ok,,,350538863759192,EMEF Professora Odette Yolanda Oliveira Freitas
157802,,ok,ok,,,350538863759044,EMEF Professora Odette Yolanda Oliveira Freitas
157803,,ok,ok,,,350538863762014,EMEF Professora Odette Yolanda Oliveira Freitas
157804,,ok,ok,,,350538863761875,EMEF Professora Odette Yolanda Oliveira Freitas
157805,,ok,ok,,,350538863759242,EMEF Professora Odette Yolanda Oliveira Freitas
157806,,ok,ok,,,350538863761677,EMEF Professora Odette Yolanda Oliveira Freitas
157807,,ok,ok,,,350538863772294,EMEF Professora Odette Yolanda Oliveira Freitas
157808,,ok,ok,,,350538863763608,EMEF Professora Odette Yolanda Oliveira Freitas
157809,,ok,ok,,,350538863760505,EMEF Professora Odette Yolanda Oliveira Freitas
157810,,ok,ok,,,350538864357434,EMEF Professora Odette Yolanda Oliveira Freitas
157811,,ok,ok,,,350538864471896,EMEF Professora Odette Yolanda Oliveira Freitas
157812,,ok,ok,,,350538864357913,EMEF Professora Odette Yolanda Oliveira Freitas
157813,,ok,ok,,,350538864357806,EMEF Professora Odette Yolanda Oliveira Freitas
157814,,ok,ok,,,350538864357764,EMEF Professora Odette Yolanda Oliveira Freitas
157815,,ok,ok,,,350538864358135,EMEF Professora Odette Yolanda Oliveira Freitas
157816,,ok,ok,,,350538864357848,EMEF Professora Odette Yolanda Oliveira Freitas
157817,,ok,ok,,,350538864360453,EMEF Professora Odette Yolanda Oliveira Freitas
157818,,ok,ok,,,350538864357400,EMEF Professora Odette Yolanda Oliveira Freitas
157819,,ok,ok,,,350538864357384,EMEF Professora Odette Yolanda Oliveira Freitas
157820,,ok,ok,,,350538864745869,EMEF Professora Odette Yolanda Oliveira Freitas
157821,,ok,ok,,,350538864746420,EMEF Professora Odette Yolanda Oliveira Freitas
157822,,ok,ok,,,350538864680660,EMEF Professora Odette Yolanda Oliveira Freitas
157823,,ok,ok,,,350538864746230,EMEF Professora Odette Yolanda Oliveira Freitas
157824,,ok,ok,,,350538864745992,EMEF Professora Odette Yolanda Oliveira Freitas
157825,,ok,ok,,,350538864746552,EMEF Professora Odette Yolanda Oliveira Freitas
157826,,ok,ok,,,350538864678458,EMEF Professora Odette Yolanda Oliveira Freitas
157827,,ok,ok,,,350538864746172,EMEF Professora Odette Yolanda Oliveira Freitas
157828,,ok,ok,,,350538864682104,EMEF Professora Odette Yolanda Oliveira Freitas
157829,,ok,ok,,,350538864678953,EMEF Professora Odette Yolanda Oliveira Freitas
157830,,ok,ok,,,350538864921205,EMEF Professora Odette Yolanda Oliveira Freitas
157831,,ok,ok,,,350538864915009,EMEF Professora Odette Yolanda Oliveira Freitas
157832,,ok,ok,,,350538864810804,EMEF Professora Odette Yolanda Oliveira Freitas
157833,,ok,ok,,,350538864918615,EMEF Professora Odette Yolanda Oliveira Freitas
157834,,ok,ok,,,350538864920892,EMEF Professora Odette Yolanda Oliveira Freitas
157835,,ok,ok,,,350538864917252,EMEF Professora Odette Yolanda Oliveira Freitas
157836,,ok,ok,,,350538864915199,EMEF Professora Odette Yolanda Oliveira Freitas
157837,,ok,ok,,,350538864913061,EMEF Professora Odette Yolanda Oliveira Freitas
157838,,ok,ok,,,350538864915553,EMEF Professora Odette Yolanda Oliveira Freitas
157839,,ok,ok,,,350538864913384,EMEF Professora Odette Yolanda Oliveira Freitas
157840,,ok,ok,,,350538863779661,EMEF Professora Odette Yolanda Oliveira Freitas
157841,,ok,ok,,,350538863775701,EMEF Professora Odette Yolanda Oliveira Freitas
157842,,ok,ok,,,350538863776022,EMEF Professora Odette Yolanda Oliveira Freitas
157843,,ok,ok,,,350538863788852,EMEF Professora Odette Yolanda Oliveira Freitas
157844,,ok,ok,,,350538863976085,EMEF Professora Odette Yolanda Oliveira Freitas
157845,,ok,ok,,,350538863783838,EMEF Professora Odette Yolanda Oliveira Freitas
157846,,ok,ok,,,350538863775842,EMEF Professora Odette Yolanda Oliveira Freitas
157847,,ok,ok,,,350538863769993,EMEF Professora Odette Yolanda Oliveira Freitas
157848,,ok,ok,,,350538863776352,EMEF Professora Odette Yolanda Oliveira Freitas
157849,,ok,ok,,,350538863771841,EMEF Professora Odette Yolanda Oliveira Freitas
157850,,ok,ok,,,350538864989350,EMEF Professora Odette Yolanda Oliveira Freitas
157851,,ok,ok,,,350538864990689,EMEF Professora Odette Yolanda Oliveira Freitas
157852,,ok,ok,,,350538865071752,EMEF Professora Odette Yolanda Oliveira Freitas
157853,,ok,ok,,,350538865029529,EMEF Professora Odette Yolanda Oliveira Freitas
157854,,ok,ok,,,350538864985077,EMEF Professora Odette Yolanda Oliveira Freitas
157855,,ok,ok,,,350538864984054,EMEF Professora Odette Yolanda Oliveira Freitas
157856,,ok,ok,,,350538864988782,EMEF Professora Odette Yolanda Oliveira Freitas
157857,,ok,ok,,,350538865071026,EMEF Professora Odette Yolanda Oliveira Freitas
157858,,ok,ok,,,350538864987966,EMEF Professora Odette Yolanda Oliveira Freitas
157859,,ok,ok,,,350538864988469,EMEF Professora Odette Yolanda Oliveira Freitas
155550,,ok,Aguardando BO,,,350538864359323,EMEF Rio de Janeiro
155558,,ok,ok,,,350538864359687,EMEF Rio de Janeiro
155559,,ok,Aguardando BO,,,350538864358499,EMEF Rio de Janeiro
155566,,ok,Aguardando BO,,,350538865196211,EMEF Rio de Janeiro
155567,,ok,Aguardando BO,,,350538865176668,EMEF Rio de Janeiro
155569,,ok,ok,,,350538865173731,EMEF Rio de Janeiro
155583,,ok,ok,,,350538863786245,EMEF Rio de Janeiro
155585,,ok,ok,,,350538863787938,EMEF Rio de Janeiro
155586,,ok,ok,,,350538863787243,EMEF Rio de Janeiro
155587,,ok,ok,,,350538863787508,EMEF Rio de Janeiro
155588,,ok,ok,,,350538863787581,EMEF Rio de Janeiro
155591,,ok,ok,,,350538864371286,EMEF Rio de Janeiro
155592,,ok,ok,,,350538864369645,EMEF Rio de Janeiro
155594,,ok,ok,,,350538864370106,EMEF Rio de Janeiro
155610,,ok,ok,,,350538865147461,EMEF Rio de Janeiro
156319,,ok,ok,,,350538864471714,EMEF Rio de Janeiro
156363,,ok,ok,,,350538864169425,EMEF Rio de Janeiro
156364,,ok,ok,,,350538864304261,EMEF Rio de Janeiro
156392,,ok,ok,,,350538864793034,EMEF Rio de janeiro
156394,,ok,ok,,,350538864792580,EMEF Rio de janeiro
156415,,ok,ok,,,350538864810242,EMEF Rio de Janeiro
156419,,ok,ok,,,350538864791335,EMEF Rio de Janeiro
156420,,ok,ok,,,350538864362848,EMEF Rio de Janeiro
156421,,ok,ok,,,350538864361451,EMEF Rio de Janeiro
156422,,ok,ok,,,350538864361865,EMEF Rio de Janeiro
157430,sim,,,,,350538864418616,EMEF Rio de Janeiro
157431,sim,,,,,350538864393900,EMEF Rio de Janeiro
157432,sim,,,,,350538864418590,EMEF Rio de Janeiro
157433,sim,,,,,350538864391995,EMEF Rio de Janeiro
157434,sim,,,,,350538864418640,EMEF Rio de Janeiro
157435,sim,,,,,350538864938571,EMEF Rio de Janeiro
157436,sim,,,,,350538864419440,EMEF Rio de Janeiro
157437,sim,,,,,350538864938472,EMEF Rio de Janeiro
157438,sim,,,,,350538864420539,EMEF Rio de Janeiro
157439,sim,,,,,350538864418517,EMEF Rio de Janeiro
157440,sim,,,,,350538864075069,EMEF Rio de Janeiro
157441,sim,,,,,350538864025023,EMEF Rio de Janeiro
157442,sim,,,,,350538864072835,EMEF Rio de Janeiro
157443,sim,,,,,350538864072074,EMEF Rio de Janeiro
157444,sim,,,,,350538864072819,EMEF Rio de Janeiro
157445,sim,,,,,350538864072769,EMEF Rio de Janeiro
157446,sim,,,,,350538863807496,EMEF Rio de Janeiro
157447,sim,,,,,350538863804147,EMEF Rio de Janeiro
157448,sim,,,,,350538864072348,EMEF Rio de Janeiro
157449,sim,,,,,350538862791261,EMEF Rio de Janeiro
157450,sim,,,,,350538863768292,EMEF Rio de Janeiro
157451,sim,,,,,350538863777426,EMEF Rio de Janeiro
157452,sim,,,,,350538863778960,EMEF Rio de Janeiro
157453,sim,,,,,350538863765926,EMEF Rio de Janeiro
157454,sim,,,,,350538863779992,EMEF Rio de Janeiro
157455,sim,,,,,350538863763384,EMEF Rio de Janeiro
157456,sim,,,,,350538863767583,EMEF Rio de Janeiro
157457,sim,,,,,350538863762295,EMEF Rio de Janeiro
157458,sim,,,,,350538863778143,EMEF Rio de Janeiro
157459,sim,,,,,350538863763434,EMEF Rio de Janeiro
157460,sim,,,,,350538862763484,EMEF Rio de Janeiro
157461,sim,,,,,350538862761512,EMEF Rio de Janeiro
157462,sim,,,,,350538862760548,EMEF Rio de Janeiro
157463,sim,,,,,350538862759367,EMEF Rio de Janeiro
157464,sim,,,,,350538862759854,EMEF Rio de Janeiro
157465,sim,,,,,350538862761595,EMEF Rio de Janeiro
157466,sim,,,,,350538862764516,EMEF Rio de Janeiro
157467,sim,,,,,350538862760159,EMEF Rio de Janeiro
157468,sim,,,,,350538862765281,EMEF Rio de Janeiro
157469,sim,,,,,350538862763534,EMEF Rio de Janeiro
157470,sim,,,,,350538865223320,EMEF Rio de Janeiro
157471,sim,,,,,350538865080175,EMEF Rio de Janeiro
157472,sim,,,,,350538865079680,EMEF Rio de Janeiro
157473,sim,,,,,350538865223544,EMEF Rio de Janeiro
157474,sim,,,,,350538865222041,EMEF Rio de Janeiro
157475,sim,,,,,350538865086784,EMEF Rio de Janeiro
157476,sim,,,,,350538865223239,EMEF Rio de Janeiro
157477,sim,,,,,350538865222249,EMEF Rio de Janeiro
157478,sim,,,,,350538865222827,EMEF Rio de Janeiro
157479,sim,,,,,350538865225317,EMEF Rio de Janeiro
157480,sim,,,,,350538862760217,EMEF Rio de Janeiro
157481,sim,,,,,350538862760324,EMEF Rio de Janeiro
157482,sim,,,,,350538862762635,EMEF Rio de Janeiro
157483,sim,,,,,350538862759938,EMEF Rio de Janeiro
157484,sim,,,,,350538862760845,EMEF Rio de Janeiro
157485,sim,,,,,350538862759714,EMEF Rio de Janeiro
157486,sim,,,,,350538862760555,EMEF Rio de Janeiro
157487,sim,,,,,350538862769671,EMEF Rio de Janeiro
157488,sim,,,,,350538862759763,EMEF Rio de Janeiro
157489,sim,,,,,350538862760191,EMEF Rio de Janeiro
157490,sim,,,,,350538865228378,EMEF Rio de Janeiro
157491,sim,,,,,350538865078898,EMEF Rio de Janeiro
157492,sim,,,,,350538865228030,EMEF Rio de Janeiro
157493,sim,,,,,350538865226125,EMEF Rio de Janeiro
157494,sim,,,,,350538865089903,EMEF Rio de Janeiro
157495,sim,,,,,350538865228345,EMEF Rio de Janeiro
157496,sim,,,,,350538865086305,EMEF Rio de Janeiro
157497,sim,,,,,350538865226455,EMEF Rio de Janeiro
157498,sim,,,,,350538865123207,EMEF Rio de Janeiro
157499,sim,,,,,350538865224666,EMEF Rio de Janeiro
157500,sim,,,,,350538865211689,EMEF Rio de Janeiro
157501,sim,,,,,350538865208602,EMEF Rio de Janeiro
157502,sim,,,,,350538865218627,EMEF Rio de Janeiro
157503,sim,,,,,350538865211127,EMEF Rio de Janeiro
157504,sim,,,,,350538865213347,EMEF Rio de Janeiro
157505,sim,,,,,350538865208065,EMEF Rio de Janeiro
157506,sim,,,,,350538865209824,EMEF Rio de Janeiro
157507,sim,,,,,350538865211366,EMEF Rio de Janeiro
157508,sim,,,,,350538865216308,EMEF Rio de Janeiro
157509,sim,,,,,350538865207083,EMEF Rio de Janeiro
157510,sim,,,,,350538864990093,EMEF Rio de Janeiro
157511,sim,,,,,350538864989830,EMEF Rio de Janeiro
157512,sim,,,,,350538864990044,EMEF Rio de Janeiro
157513,sim,,,,,350538864991927,EMEF Rio de Janeiro
157514,sim,,,,,350538864992396,EMEF Rio de Janeiro
157515,sim,,,,,350538864992578,EMEF Rio de Janeiro
157516,sim,,,,,350538864991323,EMEF Rio de Janeiro
157517,sim,,,,,350538864990069,EMEF Rio de Janeiro
157518,sim,,,,,350538864992925,EMEF Rio de Janeiro
157519,sim,,,,,350538864993170,EMEF Rio de Janeiro
157520,sim,,,,,350538865000470,EMEF Rio de Janeiro
157521,sim,,,,,350538865031202,EMEF Rio de Janeiro
157522,sim,,,,,350538865001114,EMEF Rio de Janeiro
157523,sim,,,,,350538865000389,EMEF Rio de Janeiro
157524,sim,,,,,350538865001650,EMEF Rio de Janeiro
157525,sim,,,,,350538864999326,EMEF Rio de Janeiro
157526,sim,,,,,350538864999243,EMEF Rio de Janeiro
157527,sim,,,,,350538865031525,EMEF Rio de Janeiro
157528,sim,,,,,350538864999557,EMEF Rio de Janeiro
157529,sim,,,,,350538865001130,EMEF Rio de Janeiro
157980,,ok,ok,,,350538864808030,EMEF Rio de Janeiro
157983,,ok,ok,,,350538864807867,EMEF Rio de Janeiro
157984,,ok,ok,,,350538864794040,EMEF Rio de Janeiro
157986,,ok,ok,,,350538864796375,EMEF Rio de Janeiro
158207,,ok,ok,,,350538864986893,EMEF Rio de Janeiro
158208,,ok,ok,,,350538864989384,EMEF Rio de Janeiro
158265,,ok,ok,,,350538864930180,EMEF Rio de Janeiro
158266,,ok,ok,,,350538864930073,EMEF Rio de Janeiro
158267,,ok,ok,,,350538864934802,EMEF Rio de Janeiro
158268,,ok,ok,,,350538864932152,EMEF Rio de Janeiro
158269,,ok,ok,,,350538864930156,EMEF Rio de Janeiro
158286,,ok,Aguardando BO,,,350538864682930,EMEF Rio de Janeiro
158345,,ok,ok,,,350538864988824,EMEF Rio de Janeiro
158346,,ok,ok,,,350538864989327,EMEF Rio de Janeiro
158347,,ok,ok,,,350538864425264,EMEF Rio de Janeiro
158348,,ok,ok,,,350538864988717,EMEF Rio de Janeiro
158555,,ok,ok,,,350538864118059,EMEF Rio de Janeiro
158556,,ok,ok,,,350538864114371,EMEF Rio de Janeiro
158557,,ok,ok,,,350538864133082,EMEF Rio de Janeiro
158558,,ok,ok,,,350538864114397,EMEF Rio de Janeiro
158559,,ok,ok,,,350538864118869,EMEF Rio de Janeiro
158560,,ok,ok,,,350538864115824,EMEF Rio de Janeiro
158561,,ok,ok,,,350538864134924,EMEF Rio de Janeiro
158562,,ok,ok,,,350538864116574,EMEF Rio de Janeiro
158563,,ok,ok,,,350538864118216,EMEF Rio de Janeiro
158564,,ok,ok,,,350538864384388,EMEF Rio de Janeiro
158565,,ok,ok,,,350538864393421,EMEF Rio de Janeiro
158566,,ok,ok,,,350538864392894,EMEF Rio de Janeiro
158567,,ok,ok,,,350538864416933,EMEF Rio de Janeiro
158568,,ok,Aguardando BO,,,350538864393033,EMEF Rio de Janeiro
158569,,ok,ok,,,350538864392779,EMEF Rio de Janeiro
158570,,ok,ok,,,350538864392845,EMEF Rio de Janeiro
158571,,ok,ok,,,350538864392639,EMEF Rio de Janeiro
158572,,ok,ok,,,350538864393140,EMEF Rio de Janeiro
158573,,ok,ok,,,350538864420356,EMEF Rio de Janeiro
158574,,ok,ok,,,350538864145177,EMEF Rio de Janeiro
158586,,ok,ok,,,350538862652653,EMEF Rio de Janeiro
158587,,ok,ok,,,350538862649303,EMEF Rio de Janeiro
158588,,ok,Aguardando BO,,,350538862652893,EMEF Rio de Janeiro
158589,,ok,ok,,,350538862651903,EMEF Rio de Janeiro
158660,,ok,ok,,,350538864366971,EMEF Rio de Janeiro
158661,,ok,ok,,,350538864365361,EMEF Rio de Janeiro
158662,,ok,ok,,,350538864463042,EMEF Rio de Janeiro
158663,,ok,ok,,,350538864365437,EMEF Rio de Janeiro
158664,,ok,Aguardando BO,,,350538864370544,EMEF Rio de Janeiro
158666,,ok,ok,,,350538864392720,EMEF Rio de Janeiro
158667,,ok,ok,,,350538864391912,EMEF Rio de Janeiro
158676,,ok,ok,,,350538864371088,EMEF Rio de Janeiro
158677,,ok,ok,,,350538864870063,EMEF Rio de Janeiro
158678,,ok,ok,,,350538864371252,EMEF Rio de Janeiro
158679,,ok,ok,,,350538864463786,EMEF Rio de Janeiro
158680,,ok,ok,,,350538865218189,EMEF Rio de Janeiro
158681,,ok,ok,,,350538864879528,EMEF Rio de Janeiro
158682,,ok,ok,,,350538864465310,EMEF Rio de Janeiro
158683,,ok,ok,,,350538864460485,EMEF Rio de Janeiro
158685,,ok,ok,,,350538864790667,EMEF Rio de Janeiro
158687,,ok,ok,,,350538864790113,EMEF Rio de Janeiro
158689,,ok,ok,,,350538863762550,EMEF Rio de Janeiro
158691,,ok,ok,,,350538865218957,EMEF Rio de Janeiro
158692,,ok,ok,,,350538865216787,EMEF Rio de Janeiro
158693,,ok,ok,,,350538865216548,EMEF Rio de Janeiro
158694,,ok,ok,,,350538865203504,EMEF Rio de Janeiro
158716,,ok,ok,,,350538865218718,EMEF Rio de Janeiro
158717,,ok,ok,,,350538864115303,EMEF Rio de Janeiro
158718,,ok,ok,,,350538864116517,EMEF Rio de Janeiro
158719,,ok,ok,,,350538864118547,EMEF Rio de Janeiro
158757,,ok,ok,,,350538864796490,EMEF Rio de Janeiro
158758,,ok,Aguardando BO,,,350538865206101,EMEF Rio de Janeiro
158759,,ok,ok,,,350538862791311,EMEF Rio de Janeiro
158760,,ok,ok,,,350538864933614,EMEF Rio de Janeiro
158761,,ok,ok,,,350538864798033,EMEF Rio de Janeiro
158762,,ok,ok,,,350538865210665,EMEF Rio de Janeiro
158763,,ok,ok,,,350538865209758,EMEF Rio de Janeiro
158764,,ok,ok,,,350538864325076,EMEF Rio de Janeiro
158765,,ok,ok,,,350538864987032,EMEF Rio de Janeiro
158766,,ok,ok,,,350538864795385,EMEF Rio de Janeiro
158767,,ok,ok,,,350538864806943,EMEF Rio de Janeiro
158768,,ok,ok,,,350538864808295,EMEF Rio de Janeiro
158769,,ok,ok,,,350538865029743,EMEF Rio de Janeiro
158770,,ok,ok,,,350538863763442,EMEF Rio de Janeiro
158771,,ok,ok,,,350538863762386,EMEF Rio de Janeiro
158772,,ok,ok,,,350538863763624,EMEF Rio de Janeiro
158773,,ok,ok,,,350538864801381,EMEF Rio de Janeiro
158774,,ok,ok,,,350538864794578,EMEF Rio de Janeiro
158775,,ok,ok,,,350538863762667,EMEF Rio de Janeiro
158776,,ok,ok,,,350538863762477,EMEF Rio de Janeiro
158777,,ok,ok,,,350538863762857,EMEF Rio de Janeiro
158778,,ok,ok,,,350538865211853,EMEF Rio de Janeiro
158779,,ok,ok,,,350538863759978,EMEF Rio de Janeiro
157240,,ok,,,,350538864792333,EMEF Rio Grande do Sul
157241,,ok,,,,350538864935718,EMEF Rio Grande do Sul
157242,,ok,,,,350538864792663,EMEF Rio Grande do Sul
157243,,ok,,,,350538864792689,EMEF Rio Grande do Sul
157244,,ok,,,,350538864795294,EMEF Rio Grande do Sul
157245,,ok,,,,350538864913830,EMEF Rio Grande do Sul
157246,,ok,,,,350538864912170,EMEF Rio Grande do Sul
157247,,ok,,,,350538864793919,EMEF Rio Grande do Sul
157248,,ok,,,,350538864908624,EMEF Rio Grande do Sul
157249,,ok,,,,350538864794750,EMEF Rio Grande do Sul
157250,,ok,,,,350538864800581,EMEF Rio Grande do Sul
157251,,ok,,,,350538864808329,EMEF Rio Grande do Sul
157252,,ok,,,,350538864801423,EMEF Rio Grande do Sul
157253,,ok,,,,350538864799957,EMEF Rio Grande do Sul
157254,,ok,,,,350538864800110,EMEF Rio Grande do Sul
157255,,ok,,,,350538864799841,EMEF Rio Grande do Sul
157256,,ok,,,,350538864800490,EMEF Rio Grande do Sul
157257,,ok,,,,350538864800011,EMEF Rio Grande do Sul
157258,,ok,,,,350538864801092,EMEF Rio Grande do Sul
157259,,ok,,,,350538864910158,EMEF Rio Grande do Sul
157260,,ok,,,,350538865165984,EMEF Rio Grande do Sul
157261,,ok,,,,350538865131374,EMEF Rio Grande do Sul
157262,,ok,,,,350538865165828,EMEF Rio Grande do Sul
157263,,ok,,,,350538865130749,EMEF Rio Grande do Sul
157264,,ok,,,,350538865161900,EMEF Rio Grande do Sul
157265,,ok,,,,350538865133701,EMEF Rio Grande do Sul
157266,,ok,,,,350538865165729,EMEF Rio Grande do Sul
157267,,ok,,,,350538865165737,EMEF Rio Grande do Sul
157268,,ok,,,,350538865172139,EMEF Rio Grande do Sul
157269,,ok,,,,350538865166404,EMEF Rio Grande do Sul
157270,,ok,,,,350538864793836,EMEF Rio Grande do Sul
157271,,ok,,,,350538864796987,EMEF Rio Grande do Sul
157272,,ok,,,,350538864803205,EMEF Rio Grande do Sul
157273,,ok,,,,350538864810507,EMEF Rio Grande do Sul
157274,,ok,,,,350538864807727,EMEF Rio Grande do Sul
157275,,ok,,,,350538864809392,EMEF Rio Grande do Sul
157276,,ok,,,,350538864800979,EMEF Rio Grande do Sul
157277,,ok,,,,350538864810440,EMEF Rio Grande do Sul
157278,,ok,,,,350538864794024,EMEF Rio Grande do Sul
157279,,ok,,,,350538864810556,EMEF Rio Grande do Sul
157280,,ok,,,,350538864116392,EMEF Rio Grande do Sul
157281,,ok,,,,350538864117176,EMEF Rio Grande do Sul
157282,,ok,,,,350538864120014,EMEF Rio Grande do Sul
157283,,ok,,,,350538864119263,EMEF Rio Grande do Sul
157284,,ok,,,,350538864116467,EMEF Rio Grande do Sul
157285,,ok,,,,350538864116897,EMEF Rio Grande do Sul
157286,,ok,,,,350538864121269,EMEF Rio Grande do Sul
157287,,ok,,,,350538864117473,EMEF Rio Grande do Sul
157288,,ok,,,,2053886410720%,EMEF Rio Grande do Sul
157289,,ok,,,,350538864116806,EMEF Rio Grande do Sul
157290,,ok,,,,350538865134931,EMEF Rio Grande do Sul
157291,,ok,,,,350538865173715,EMEF Rio Grande do Sul
157292,,ok,,,,350538865128172,EMEF Rio Grande do Sul
157293,,ok,,,,350538865140458,EMEF Rio Grande do Sul
157294,,ok,,,,350538865128099,EMEF Rio Grande do Sul
157295,,ok,,,,350538865128115,EMEF Rio Grande do Sul
157296,,ok,,,,350538865128081,EMEF Rio Grande do Sul
157297,,ok,,,,350538865137090,EMEF Rio Grande do Sul
157298,,ok,,,,350538865128149,EMEF Rio Grande do Sul
157299,,ok,,,,350538865136878,EMEF Rio Grande do Sul
155570,,ok,ok,,,350538865148113,EMEF Rondônia
155571,,ok,ok,,,350538865198134,EMEF Rondônia
155572,,ok,ok,,,350538865134352,EMEF Rondônia
155573,,ok,ok,,,350538865203181,EMEF Rondônia
155574,,ok,ok,,,350538865202043,EMEF Rondônia
155575,,ok,ok,,,350538865216241,EMEF Rondônia
155576,,ok,ok,,,350538865202019,EMEF Rondônia
155577,,ok,ok,,,350538865203462,EMEF Rondônia
155578,,ok,ok,,,350538865197383,EMEF Rondônia
155579,,ok,ok,,,350538865205194,EMEF Rondônia
155580,,ok,ok,,,350538863960907,EMEF Rondônia
156150,,ok,ok,,,350538864783175,EMEF Rondônia
156151,,ok,ok,,,350538864783324,EMEF Rondônia
156152,,ok,ok,,,350538864784348,EMEF Rondônia
156153,,ok,ok,,,350538864784421,EMEF Rondônia
156154,,ok,ok,,,350538864783118,EMEF Rondônia
156155,,ok,ok,,,350538864783605,EMEF Rondônia
156156,,ok,ok,,,350538864784231,EMEF Rondônia
156157,,ok,ok,,,350538864783563,EMEF Rondônia
156158,,ok,ok,,,350538864784256,EMEF Rondônia
156159,,ok,ok,,,350538864783803,EMEF Rondônia
156160,,ok,ok,,,350538864392829,EMEF Rondônia
156161,,ok,ok,,,350538864424580,EMEF Rondônia
156162,,ok,ok,,,350538864417832,EMEF Rondônia
156163,,ok,ok,,,350538864381319,EMEF Rondônia
156164,,ok,ok,,,350538864939603,EMEF Rondônia
156165,,ok,ok,,,350538864421362,EMEF Rondônia
156166,,ok,ok,,,350538864939595,EMEF Rondônia
156167,,ok,ok,,,350538864385757,EMEF Rondônia
156168,,ok,ok,,,350538864417824,EMEF Rondônia
156169,,ok,ok,,,350538864418624,EMEF Rondônia
156170,,ok,ok,,,350538864997635,EMEF Rondônia
156171,,ok,ok,,,350538864997650,EMEF Rondônia
156172,,ok,ok,,,350538864999441,EMEF Rondônia
156173,,ok,ok,,,350538865000371,EMEF Rondônia
156174,,ok,ok,,,350538865000496,EMEF Rondônia
156175,,ok,ok,,,350538865032556,EMEF Rondônia
156176,,ok,ok,,,350538864997593,EMEF Rondônia
156177,,ok,ok,,,350538865002252,EMEF Rondônia
156178,,ok,ok,,,350538864999003,EMEF Rondônia
156179,,ok,ok,,,350538864998930,EMEF Rondônia
156180,,ok,ok,,,350538864986430,EMEF Rondônia
156181,,ok,ok,,,350538864986414,EMEF Rondônia
156182,,ok,ok,,,350538864986497,EMEF Rondônia
156183,,ok,ok,,,350538864986422,EMEF Rondônia
156184,,ok,,,BO em 05/02/2026,350538864986224,EMEF Rondônia
156185,,ok,ok,,,350538864985051,EMEF Rondônia
156186,,ok,ok,,,350538864986687,EMEF Rondônia
156187,,ok,ok,,,350538865029479,EMEF Rondônia
156188,,ok,ok,,,350538864986398,EMEF Rondônia
156189,,ok,ok,,,350538864986786,EMEF Rondônia
156190,,ok,ok,,,350538864418103,EMEF Rondônia
156191,,ok,ok,,,350538864417899,EMEF Rondônia
156192,,ok,ok,,,350538864376269,EMEF Rondônia
156193,,ok,ok,,,350538864373449,EMEF Rondônia
156194,,ok,ok,,,350538864418343,EMEF Rondônia
156195,,ok,ok,,,350538864422196,EMEF Rondônia
156196,,ok,ok,,,350538864939561,EMEF Rondônia
156197,,ok,ok,,,350538864417972,EMEF Rondônia
156198,,ok,ok,,,350538864418111,EMEF Rondônia
156199,,ok,ok,,,350538864417980,EMEF Rondônia
156200,,ok,ok,,,350538865090885,EMEF Rondônia
156201,,ok,ok,,,350538865091313,EMEF Rondônia
156202,,ok,ok,,,350538865091883,EMEF Rondônia
156203,,ok,ok,,,350538865091321,EMEF Rondônia
156204,,ok,ok,,,350538865093848,EMEF Rondônia
156205,,ok,ok,,,350538865091412,EMEF Rondônia
156206,,ok,ok,,,350538865091388,EMEF Rondônia
156207,,ok,ok,,,350538865091354,EMEF Rondônia
156208,,ok,ok,,,350538862696254,EMEF Rondônia
156209,,ok,ok,,,350538865123397,EMEF Rondônia
155010,,ok,,,,350538865216670,EMEF Santos Dumont
155011,,ok,,,,350538865139765,EMEF Santos Dumont
155012,,ok,,,,350538865202746,EMEF Santos Dumont
155013,,ok,,,,350538865141944,EMEF Santos Dumont
155014,,ok,,,,350538865200468,EMEF Santos Dumont
155015,,ok,,,,350538865218023,EMEF Santos Dumont
155016,,ok,,,,350538865207919,EMEF Santos Dumont
155017,,ok,,,,350538865214055,EMEF Santos Dumont
155018,,ok,,,,350538865142223,EMEF Santos Dumont
155019,,ok,,,,350538865141928,EMEF Santos Dumont
155020,,ok,ok,,,350538865219039,EMEF Santos Dumont
155021,,ok,ok,,,350538865219047,EMEF Santos Dumont
155022,,ok,ok,,,350538865219062,EMEF Santos Dumont
155023,,ok,ok,,,350538865216449,EMEF Santos Dumont
155024,,ok,ok,,,350538865219625,EMEF Santos Dumont
155025,,ok,ok,,,350538865218601,EMEF Santos Dumont
155026,,ok,ok,,,350538865218411,EMEF Santos Dumont
155027,,ok,ok,,,350538865218932,EMEF Santos Dumont
155028,,ok,ok,,,350538865217330,EMEF Santos Dumont
155029,,ok,ok,,,350538865214873,EMEF Santos Dumont
155030,,ok,ok,,,350538864367094,EMEF Santos Dumont
155031,,ok,ok,,,350538864365353,EMEF Santos Dumont
155032,,ok,ok,,,350538864465526,EMEF Santos Dumont
155033,,ok,ok,,,350538864367102,EMEF Santos Dumont
155034,,ok,ok,,,350538864469130,EMEF Santos Dumont
155035,,ok,ok,,,350538864368423,EMEF Santos Dumont
155036,,ok,ok,,,350538864370395,EMEF Santos Dumont
155037,,ok,ok,,,350538864366997,EMEF Santos Dumont
155038,,ok,ok,,,350538864367862,EMEF Santos Dumont
155039,,ok,ok,,,350538864367979,EMEF Santos Dumont
155040,,ok,ok,,,350538865143668,EMEF Santos Dumont
155041,,ok,ok,,,350538865198589,EMEF Santos Dumont
155042,,ok,ok,,,350538865216910,EMEF Santos Dumont
155043,,ok,ok,,,350538865197854,EMEF Santos Dumont
155044,,ok,ok,,,350538865215441,EMEF Santos Dumont
155045,,ok,ok,,,350538865201375,EMEF Santos Dumont
155046,,ok,ok,,,350538865197219,EMEF Santos Dumont
155047,,ok,ok,,,350538865209303,EMEF Santos Dumont
155048,,ok,ok,,,350538865204973,EMEF Santos Dumont
155049,,ok,ok,,,350538865143759,EMEF Santos Dumont
155050,,ok,ok,,,350538865214675,EMEF Santos Dumont
155051,,ok,ok,,,350538865214535,EMEF Santos Dumont
155052,,ok,ok,,,350538865210897,EMEF Santos Dumont
155053,,ok,ok,,,350538865210756,EMEF Santos Dumont
155054,,ok,ok,,,350538865202670,EMEF Santos Dumont
155055,,ok,ok,,,350538865214261,EMEF Santos Dumont
155056,,ok,ok,,,350538865214212,EMEF Santos Dumont
155057,,ok,ok,,,350538865213636,EMEF Santos Dumont
155058,,ok,ok,,,350538865210913,EMEF Santos Dumont
155059,,ok,ok,,,350538865214576,EMEF Santos Dumont
155060,,ok,ok,,,350538865201417,EMEF Santos Dumont
155061,,ok,ok,,,350538865201581,EMEF Santos Dumont
155062,,ok,ok,,,350538865201466,EMEF Santos Dumont
155063,,ok,ok,,,350538865205467,EMEF Santos Dumont
155064,,ok,ok,,,350538865203249,EMEF Santos Dumont
155065,,ok,ok,,,350538865215433,EMEF Santos Dumont
155066,,ok,ok,,,350538865218155,EMEF Santos Dumont
155067,,ok,ok,,,350538865205681,EMEF Santos Dumont
155068,,ok,ok,,,350538865216340,EMEF Santos Dumont
155069,,ok,ok,,,350538865201680,EMEF Santos Dumont
155070,,ok,ok,,,350538864471623,EMEF Santos Dumont
155071,,ok,ok,,,350538864120550,EMEF Santos Dumont
155072,,ok,ok,,,350538864472050,EMEF Santos Dumont
155073,,ok,ok,,,350538864474346,EMEF Santos Dumont
155074,,ok,ok,,,350538864466995,EMEF Santos Dumont
155075,,ok,ok,,,350538864478040,EMEF Santos Dumont
155076,,ok,ok,,,350538864481200,EMEF Santos Dumont
155077,,ok,ok,,,350538864470393,EMEF Santos Dumont
155078,,ok,ok,,,350538864470617,EMEF Santos Dumont
155079,,ok,ok,,,350538864481747,EMEF Santos Dumont
155080,,ok,ok,,,350538863781519,EMEF Santos Dumont
155081,,ok,ok,,,350538863760331,EMEF Santos Dumont
155082,,ok,ok,,,350538863768656,EMEF Santos Dumont
155083,,ok,ok,,,350538863768771,EMEF Santos Dumont
155084,,ok,ok,,,350538863763871,EMEF Santos Dumont
155085,,ok,ok,,,350538863760091,EMEF Santos Dumont
155086,,ok,ok,,,350538863759929,EMEF Santos Dumont
155087,,ok,ok,,,350538863761651,EMEF Santos Dumont
155088,,ok,ok,,,350538863762980,EMEF Santos Dumont
155089,,ok,ok,,,350538863770140,EMEF Santos Dumont
155090,,ok,ok,,,350538864470575,EMEF Santos Dumont
155091,,ok,ok,,,350538864364729,EMEF Santos Dumont
155092,,ok,ok,,,350538864467647,EMEF Santos Dumont
155093,,ok,,,,350538864113258,EMEF Santos Dumont
155094,,ok,ok,,,350538864115691,EMEF Santos Dumont
155095,,ok,ok,,,350538864474395,EMEF Santos Dumont
155096,,ok,,,,350538864469007,EMEF Santos Dumont
155098,,ok,ok,,,350538864467498,EMEF Santos Dumont
155099,,ok,ok,,,350538864470401,EMEF Santos Dumont
155100,,ok,ok,,,350538865141969,EMEF Santos Dumont
155101,,ok,ok,,,350538865140615,EMEF Santos Dumont
155102,,ok,,,,350538865202324,EMEF Santos Dumont
155103,,ok,ok,,,350538865136266,EMEF Santos Dumont
155104,,ok,ok,,,350538865202183,EMEF Santos Dumont
155105,,ok,ok,,,350538865139054,EMEF Santos Dumont
155106,,ok,ok,,,350538865142090,EMEF Santos Dumont
155107,,ok,ok,,,350538865137579,EMEF Santos Dumont
155108,,ok,,,,350538865207422,EMEF Santos Dumont
155109,,ok,,,,350538865139682,EMEF Santos Dumont
155110,,ok,,,,350538865205830,EMEF Santos Dumont
155111,,ok,ok,,,350538865215458,EMEF Santos Dumont
155112,,ok,ok,,,350538865206200,EMEF Santos Dumont
155113,,ok,,,,350538865217850,EMEF Santos Dumont
155115,,ok,ok,,,350538865217512,EMEF Santos Dumont
155116,,ok,ok,,,350538865205814,EMEF Santos Dumont
155117,,ok,ok,,,350538865215110,EMEF Santos Dumont
155118,,ok,,,,350538865202167,EMEF Santos Dumont
155119,,ok,,,,350538865201359,EMEF Santos Dumont
155120,,ok,ok,,,350538863775552,EMEF Santos Dumont
155121,,ok,ok,,,350538863772518,EMEF Santos Dumont
155122,,ok,ok,,,350538863771163,EMEF Santos Dumont
155123,,ok,ok,,,350538863774225,EMEF Santos Dumont
155124,,ok,,,,350538863771122,EMEF Santos Dumont
155125,,ok,ok,,,350538863774720,EMEF Santos Dumont
155126,,ok,ok,,,350538863771254,EMEF Santos Dumont
155127,,ok,ok,,,350538863767534,EMEF Santos Dumont
155128,,ok,ok,,,350538863777152,EMEF Santos Dumont
155129,,ok,,,,350538863778663,EMEF Santos Dumont
155130,,ok,,,,350538864142042,EMEF Santos Dumont
155131,,ok,,,,350538864119420,EMEF Santos Dumont
155132,,ok,ok,,,350538864139626,EMEF Santos Dumont
155133,,ok,,,,350538864141192,EMEF Santos Dumont
155135,,ok,,,,350538864119412,EMEF Santos Dumont
155137,,ok,,,,350538864139477,EMEF Santos Dumont
155138,,ok,,,,350538864120691,EMEF Santos Dumont
155139,,ok,,,,350538864140905,EMEF Santos Dumont
155140,,ok,,,,350538863759820,EMEF Santos Dumont
155141,,ok,ok,,,350538863760265,EMEF Santos Dumont
155143,,ok,ok,,,350538863760281,EMEF Santos Dumont
155144,,ok,ok,,,350538863766312,EMEF Santos Dumont
155145,,ok,ok,,,350538863760398,EMEF Santos Dumont
155146,,ok,ok,,,350538864221655,EMEF Santos Dumont
155147,,ok,ok,,,350538863770793,EMEF Santos Dumont
155148,,ok,ok,,,350538863760000,EMEF Santos Dumont
155149,,ok,ok,,,350538863764036,EMEF Santos Dumont
155150,,ok,,,,350538865148279,EMEF Santos Dumont
155151,,ok,,,,350538865197607,EMEF Santos Dumont
155152,,ok,,,,350538865148287,EMEF Santos Dumont
155153,,ok,,,,350538865147958,EMEF Santos Dumont
155154,,ok,,,,350538865205756,EMEF Santos Dumont
155155,,ok,,,,350538865198829,EMEF Santos Dumont
155156,,ok,,,,350538865204999,EMEF Santos Dumont
155157,,ok,,,,350538865198985,EMEF Santos Dumont
155158,,ok,,,,350538865141266,EMEF Santos Dumont
155159,,ok,,,,350538865212349,EMEF Santos Dumont
155170,,ok,,,,350538864124248,EMEF Santos Dumont
155171,,ok,,,,350538864139063,EMEF Santos Dumont
155172,,ok,,,,350538864142810,EMEF Santos Dumont
155173,,ok,,,,350538864141960,EMEF Santos Dumont
155174,,ok,,,,350538864122176,EMEF Santos Dumont
155175,,ok,,,,350538864142919,EMEF Santos Dumont
155176,,ok,,,,350538864142778,EMEF Santos Dumont
155177,,ok,,,,350538864122903,EMEF Santos Dumont
155178,,ok,,,,350538864139758,EMEF Santos Dumont
155179,,ok,,,,350538864140806,EMEF Santos Dumont
155190,,ok,,,,350538865214667,EMEF Santos Dumont
155191,,ok,ok,,,350538865213644,EMEF Santos Dumont
155192,,ok,,,,350538865212265,EMEF Santos Dumont
155193,,ok,ok,,,350538865214279,EMEF Santos Dumont
155194,,ok,,,,350538865213701,EMEF Santos Dumont
155195,,ok,,,,350538865209972,EMEF Santos Dumont
155197,,ok,,,,350538865206622,EMEF Santos Dumont
155198,,ok,,,,350538865210715,EMEF Santos Dumont
155199,,ok,ok,,,350538865210343,EMEF Santos Dumont
155200,,ok,ok,,,350538864467589,EMEF Santos Dumont
155201,,ok,ok,,,350538864482174,EMEF Santos Dumont
155202,,ok,ok,,,350538864468579,EMEF Santos Dumont
155203,,ok,,,,350538864365569,EMEF Santos Dumont
155204,,ok,ok,,,350538864464461,EMEF Santos Dumont
155205,,ok,ok,,,350538864471375,EMEF Santos Dumont
155206,,ok,ok,,,350538864116160,EMEF Santos Dumont
155207,,ok,,,,350538864474270,EMEF Santos Dumont
155208,,ok,ok,,,350538864471417,EMEF Santos Dumont
155209,,ok,ok,,,350538864467548,EMEF Santos Dumont
155097,,,,,BO em 3/12/24,350538864481333,EMEF Santos Dumont
155114,,ok,ok,,,350538865205574,EMEF Santos Dumont
155134,,ok,,,,350538864139592,EMEF Santos Dumont
155136,,ok,,,,350538864145623,EMEF Santos Dumont
155142,,ok,ok,,,350538863768789,EMEF Santos Dumont
155160,,ok,,,,350538864796177,EMEF Santos Dumont
155161,,ok,ok,,,350538864793117,EMEF Santos Dumont
155162,,ok,,,,350538864798009,EMEF Santos Dumont
155163,,ok,,,,350538864789875,EMEF Santos Dumont
155164,,ok,,,,350538864791004,EMEF Santos Dumont
155165,,ok,,,,350538864791863,EMEF Santos Dumont
155166,,ok,,,,350538864930040,EMEF Santos Dumont
155167,,ok,,,,350538864929828,EMEF Santos Dumont
155168,,ok,,,,350538864926691,EMEF Santos Dumont
155169,,ok,,,,350538864799379,EMEF Santos Dumont
155180,,ok,,,,350538864481069,EMEF Santos Dumont
155181,,ok,,,,350538864461400,EMEF Santos Dumont
155182,,ok,,,,350538864461012,EMEF Santos Dumont
155183,,ok,,,,350538864463679,EMEF Santos Dumont
155184,,ok,,,,350538864465179,EMEF Santos Dumont
155185,,ok,,,,350538864478743,EMEF Santos Dumont
155186,,ok,,,,350538864463810,EMEF Santos Dumont
155187,,ok,ok,,,350538864461830,EMEF Santos Dumont
155188,,ok,ok,,,350538864460055,EMEF Santos Dumont
155189,,ok,,,,350538864465229,EMEF Santos Dumont
155196,,,,,BO em 3/12/24,350538865214618,EMEF Santos Dumont
155730,,ok,ok,,,350538865091305,EMEF Sete de Setembro
155731,,ok,ok,,,350538865091016,EMEF Sete de Setembro
155732,,ok,ok,,,350538865093426,EMEF Sete de Setembro
155733,,ok,ok,,,350538865090778,EMEF Sete de Setembro
155734,,ok,ok,,,350538865093749,EMEF Sete de Setembro
155735,,ok,ok,,,350538865090992,EMEF Sete de Setembro
155736,,ok,ok,,,350538865091081,EMEF Sete de Setembro
155737,,ok,ok,,,350538865090984,EMEF Sete de Setembro
155738,,ok,ok,,,350538865094861,EMEF Sete de Setembro
155739,,ok,ok,,,350538865093400,EMEF Sete de Setembro
155740,,ok,ok,,,350538864366831,EMEF Sete de Setembro
155741,,ok,ok,,,350538864358929,EMEF Sete de Setembro
155742,,ok,ok,,,350538864362392,EMEF Sete de Setembro
155743,,ok,ok,,,350538864365486,EMEF Sete de Setembro
155744,,ok,ok,,,350538864359406,EMEF Sete de Setembro
155745,,ok,ok,,,350538864357947,EMEF Sete de Setembro
155746,,ok,ok,,,350538864359216,EMEF Sete de Setembro
155747,,ok,ok,,,350538864360339,EMEF Sete de Setembro
155748,,ok,ok,,,350538864360651,EMEF Sete de Setembro
155749,,ok,ok,,,350538864366658,EMEF Sete de Setembro
155750,,ok,ok,,,350538864463182,EMEF Sete de Setembro
155751,,ok,ok,,,350538864463232,EMEF Sete de Setembro
155752,,ok,ok,,,350538864463307,EMEF Sete de Setembro
155753,,ok,ok,,,350538864370262,EMEF Sete de Setembro
155754,,ok,ok,,,350538864460774,EMEF Sete de Setembro
155755,,ok,ok,,,350538864371484,EMEF Sete de Setembro
155756,,ok,ok,,,350538864369751,EMEF Sete de Setembro
155757,,ok,ok,,,350538864368928,EMEF Sete de Setembro
155758,,ok,ok,,,350538864459404,EMEF Sete de Setembro
155759,,ok,ok,,,350538864459727,EMEF Sete de Setembro
155760,,ok,ok,,,350538864460196,EMEF Sete de Setembro
155761,,ok,ok,,,350538864460162,EMEF Sete de Setembro
155762,,ok,ok,,,350538864467340,EMEF Sete de Setembro
155763,,ok,ok,,,350538864371476,EMEF Sete de Setembro
155764,,ok,ok,,,350538864460261,EMEF Sete de Setembro
155765,,ok,ok,,,350538864459677,EMEF Sete de Setembro
155766,,ok,ok,,,350538864459636,EMEF Sete de Setembro
155767,,ok,ok,,,350538864371302,EMEF Sete de Setembro
155768,,ok,ok,,,350538864460386,EMEF Sete de Setembro
155769,,ok,ok,,,350538864461301,EMEF Sete de Setembro
155770,,ok,ok,,,350538864465468,EMEF Sete de Setembro
155771,,ok,ok,,,350538864464446,EMEF Sete de Setembro
155772,,ok,ok,,,350538864366526,EMEF Sete de Setembro
155773,,ok,ok,,,350538864367755,EMEF Sete de Setembro
155774,,ok,ok,,,350538864366757,EMEF Sete de Setembro
155775,,ok,ok,,,350538864366773,EMEF Sete de Setembro
155776,,ok,ok,,,350538864465518,EMEF Sete de Setembro
155777,,ok,ok,,,350538864366435,EMEF Sete de Setembro
155778,,ok,ok,,,350538864366948,EMEF Sete de Setembro
155779,,ok,ok,,,350538864367698,EMEF Sete de Setembro
155780,,ok,ok,,,350538865144633,EMEF Sete de Setembro
155781,,ok,ok,,,350538865139369,EMEF Sete de Setembro
155782,,ok,ok,,,350538865142173,EMEF Sete de Setembro
155783,,ok,ok,,,350538865142892,EMEF Sete de Setembro
155784,,ok,ok,,,350538865198191,EMEF Sete de Setembro
155785,,ok,ok,,,350538865206861,EMEF Sete de Setembro
155786,,ok,ok,,,350538865147818,EMEF Sete de Setembro
155787,,ok,ok,,,350538865142934,EMEF Sete de Setembro
155788,,ok,ok,,,350538865142801,EMEF Sete de Setembro
155789,,ok,ok,,,350538865202464,EMEF Sete de Setembro
155790,,ok,ok,,,350538865142983,EMEF Sete de Setembro
155791,,ok,ok,,,350538865142470,EMEF Sete de Setembro
155792,,ok,ok,,,350538865142413,EMEF Sete de Setembro
155793,,ok,ok,,,350538865212448,EMEF Sete de Setembro
155794,,ok,ok,,,350538865140318,EMEF Sete de Setembro
155795,,ok,ok,,,350538865140953,EMEF Sete de Setembro
155796,,ok,ok,,,350538865140987,EMEF Sete de Setembro
155797,,ok,ok,,,350538865148253,EMEF Sete de Setembro
155798,,ok,ok,,,350538865197730,EMEF Sete de Setembro
155799,,ok,ok,,,350538865140292,EMEF Sete de Setembro
158020,,ok,ok,,,350538864393363,EMEF Sete de Setembro
158021,,ok,ok,,,350538864420075,EMEF Sete de Setembro
158022,,ok,ok,,,350538864391235,EMEF Sete de Setembro
158023,,ok,ok,,,350538864418418,EMEF Sete de Setembro
158024,,ok,ok,,,350538864393496,EMEF Sete de Setembro
156210,,ok,ok,,,350538865000702,EMEF Tancredo de Almeida Neves
156211,,ok,ok,,,350538864998591,EMEF Tancredo de Almeida Neves
156212,,ok,ok,,,350538864998005,EMEF Tancredo de Almeida Neves
156213,,ok,ok,,,350538864998039,EMEF Tancredo de Almeida Neves
156214,,ok,ok,,,350538864997924,EMEF Tancredo de Almeida Neves
156216,,ok,ok,,,350538865002484,EMEF Tancredo de Almeida Neves
156217,,ok,ok,,,350538864998104,EMEF Tancredo de Almeida Neves
156218,,ok,ok,,,350538865001296,EMEF Tancredo de Almeida Neves
156219,,ok,ok,,,350538864998062,EMEF Tancredo de Almeida Neves
156220,,ok,ok,,,350538863777137,EMEF Tancredo de Almeida Neves
156221,,ok,ok,,,350538863774084,EMEF Tancredo de Almeida Neves
156222,,ok,ok,,,350538863769894,EMEF Tancredo de Almeida Neves
156223,,ok,ok,,,350538863769951,EMEF Tancredo de Almeida Neves
156224,,ok,ok,,,350538863777244,EMEF Tancredo de Almeida Neves
156225,,ok,ok,,,350538863778820,EMEF Tancredo de Almeida Neves
156226,,ok,ok,,,350538863774639,EMEF Tancredo de Almeida Neves
156227,,ok,ok,,,350538863776733,EMEF Tancredo de Almeida Neves
156228,,ok,ok,,,350538863774167,EMEF Tancredo de Almeida Neves
156229,,ok,ok,,,350538863770041,EMEF Tancredo de Almeida Neves
156230,,ok,ok,,,350538863758210,EMEF Tancredo de Almeida Neves
156231,,ok,ok,,,350538863758293,EMEF Tancredo de Almeida Neves
156232,,ok,ok,,,350538863758285,EMEF Tancredo de Almeida Neves
156233,,ok,ok,,,350538863962994,EMEF Tancredo de Almeida Neves
156234,,ok,ok,,,350538863758228,EMEF Tancredo de Almeida Neves
156235,,ok,ok,,,350538863758327,EMEF Tancredo de Almeida Neves
156236,,ok,ok,,,350538864222679,EMEF Tancredo de Almeida Neves
156237,,ok,ok,,,350538863771718,EMEF Tancredo de Almeida Neves
156238,,ok,ok,,,350538863773235,EMEF Tancredo de Almeida Neves
156239,,ok,ok,,,350538864222026,EMEF Tancredo de Almeida Neves
156240,,ok,ok,,,350538864416669,EMEF Tancredo de Almeida Neves
156241,,ok,ok,,,350538864424143,EMEF Tancredo de Almeida Neves
156242,,ok,ok,,,350538864394239,EMEF Tancredo de Almeida Neves
156243,,ok,ok,,,350538864416693,EMEF Tancredo de Almeida Neves
156244,,ok,ok,,,350538864418707,EMEF Tancredo de Almeida Neves
156245,,ok,ok,,,350538864417097,EMEF Tancredo de Almeida Neves
156246,,ok,ok,,,350538864392050,EMEF Tancredo de Almeida Neves
156247,,ok,ok,,,350538864424846,EMEF Tancredo de Almeida Neves
156248,,ok,ok,,,350538864392662,EMEF Tancredo de Almeida Neves
156249,,ok,ok,,,350538864371997,EMEF Tancredo de Almeida Neves
156250,,ok,ok,,,350538865161637,EMEF Tancredo de Almeida Neves
156251,,ok,ok,,,350538865168558,EMEF Tancredo de Almeida Neves
156252,,ok,ok,,,350538865161355,EMEF Tancredo de Almeida Neves
156254,,ok,ok,,,350538865131333,EMEF Tancredo de Almeida Neves
156255,,ok,ok,,,350538865165489,EMEF Tancredo de Almeida Neves
156256,,ok,ok,,,350538865167816,EMEF Tancredo de Almeida Neves
156257,,ok,ok,,,350538865166230,EMEF Tancredo de Almeida Neves
156258,,ok,ok,,,350538865166503,EMEF Tancredo de Almeida Neves
156259,,ok,ok,,,350538865161587,EMEF Tancredo de Almeida Neves
156260,,ok,ok,,,350538864368019,EMEF Tancredo de Almeida Neves
156261,,ok,ok,,,350538864365320,EMEF Tancredo de Almeida Neves
156262,,ok,ok,,,350538864367144,EMEF Tancredo de Almeida Neves
156263,,ok,ok,,,350538864368993,EMEF Tancredo de Almeida Neves
156264,,ok,ok,,,350538864366112,EMEF Tancredo de Almeida Neves
156265,,ok,ok,,,350538864366088,EMEF Tancredo de Almeida Neves
156266,,ok,ok,,,350538864463521,EMEF Tancredo de Almeida Neves
156268,,ok,ok,,,350538864367615,EMEF Tancredo de Almeida Neves
156269,,ok,ok,,,350538864368373,EMEF Tancredo de Almeida Neves
156270,,ok,ok,,,350538864836452,EMEF Tancredo de Almeida Neves
156271,,ok,ok,,,350538864841882,EMEF Tancredo de Almeida Neves
156272,,ok,ok,,,350538864838227,EMEF Tancredo de Almeida Neves
156273,,ok,ok,,,350538864838086,EMEF Tancredo de Almeida Neves
156274,,ok,ok,,,350538864835967,EMEF Tancredo de Almeida Neves
156275,,ok,ok,Laudo 001/2026,,350538864786657,EMEF Tancredo de Almeida Neves
156276,,ok,ok,,,350538864837054,EMEF Tancredo de Almeida Neves
156277,,ok,ok,,,350538864836262,EMEF Tancredo de Almeida Neves
156278,,ok,ok,,,350538864784066,EMEF Tancredo de Almeida Neves
156279,,ok,ok,,,350538864838706,EMEF Tancredo de Almeida Neves
156280,,ok,ok,,,350538864792861,EMEF Tancredo de Almeida Neves
156281,,ok,ok,,,350538864794602,EMEF Tancredo de Almeida Neves
156282,,ok,ok,,,350538864791970,EMEF Tancredo de Almeida Neves
156283,,ok,ok,,,350538864790451,EMEF Tancredo de Almeida Neves
156284,,ok,ok,,,350538864798199,EMEF Tancredo de Almeida Neves
156285,,ok,ok,,,350538864932558,EMEF Tancredo de Almeida Neves
156286,,ok,ok,,,350538864790352,EMEF Tancredo de Almeida Neves
156287,,ok,ok,,,350538864809400,EMEF Tancredo de Almeida Neves
156288,,ok,ok,,,350538864794636,EMEF Tancredo de Almeida Neves
156289,,ok,ok,,,350538864798066,EMEF Tancredo de Almeida Neves
156290,,ok,ok,,,350538865211796,EMEF Tancredo de Almeida Neves
156291,,ok,ok,,,350538865211937,EMEF Tancredo de Almeida Neves
156292,,ok,ok,,,350538865211929,EMEF Tancredo de Almeida Neves
156293,,ok,ok,,,350538865206549,EMEF Tancredo de Almeida Neves
156294,,ok,ok,,,350538865211960,EMEF Tancredo de Almeida Neves
156295,,ok,ok,,,350538865214428,EMEF Tancredo de Almeida Neves
156296,,ok,ok,,,350538865207398,EMEF Tancredo de Almeida Neves
156297,,ok,ok,,,350538865208743,EMEF Tancredo de Almeida Neves
156298,,ok,ok,,,350538865209840,EMEF Tancredo de Almeida Neves
156299,,ok,ok,,,350538865211861,EMEF Tancredo de Almeida Neves
156300,,ok,BO em 13/12/25,,,350538865131002,EMEF Tancredo de Almeida Neves
156301,,ok,ok,,,350538865133792,EMEF Tancredo de Almeida Neves
156302,,ok,ok,,,350538865167139,EMEF Tancredo de Almeida Neves
156303,,ok,ok,,,350538865130913,EMEF Tancredo de Almeida Neves
156304,,ok,ok,,,350538865130905,EMEF Tancredo de Almeida Neves
156305,,ok,BO em 13/12/25,,,350538865130558,EMEF Tancredo de Almeida Neves
156306,,ok,ok,,,350538865131390,EMEF Tancredo de Almeida Neves
156307,,ok,ok,,,350538865133784,EMEF Tancredo de Almeida Neves
156308,,ok,ok,,,350538865167055,EMEF Tancredo de Almeida Neves
156309,,ok,ok,,,350538865130830,EMEF Tancredo de Almeida Neves
156215,,BO em 18/02/25,,,,350538864997957,EMEF Tancredo de Almeida Neves
156253,,BO em 18/02/25,,,,350538865162106,EMEF Tancredo de Almeida Neves
156267,,BO em 18/02/25,,,,350538864469247,EMEF Tancredo de Almeida Neves
154640,,ok,ok,,,350538865219302,EMEF Theodoro Bogen
154641,,ok,ok,,,350538865201755,EMEF Theodoro Bogen
154642,,ok,ok,,,350538865215367,EMEF Theodoro Bogen
154643,,ok,,,Memo 2025004876,350538865201672,EMEF Theodoro Bogen
154644,,ok,ok,,,350538865205491,EMEF Theodoro Bogen
154645,,ok,ok,,,350538865215300,EMEF Theodoro Bogen
154646,,ok,ok,,,350538865204056,EMEF Theodoro Bogen
154647,,ok,ok,,,350538865204221,EMEF Theodoro Bogen
154648,,ok,ok,,,350538865201243,EMEF Theodoro Bogen
154649,,ok,ok,,,350538865203868,EMEF Theodoro Bogen
154650,,ok,ok,,,350538864684084,EMEF Theodoro Bogen
154651,,ok,ok,,,350538864681726,EMEF Theodoro Bogen
154652,,ok,ok,,,350538864747717,EMEF Theodoro Bogen
154653,,ok,ok,,,350538864740860,EMEF Theodoro Bogen
154654,,ok,ok,,,350538914681577,EMEF Theodoro Bogen
154655,,ok,ok,,,350538864510362,EMEF Theodoro Bogen
154656,,ok,ok,,,350538864680322,EMEF Theodoro Bogen
154657,,ok,ok,,,350538864681999,EMEF Theodoro Bogen
154658,,ok,ok,,,350538864748038,EMEF Theodoro Bogen
154659,,ok,ok,,,350538864747774,EMEF Theodoro Bogen
154660,,ok,ok,,,350538864802041,EMEF Theodoro Bogen
154661,,ok,ok,,,350538864796706,EMEF Theodoro Bogen
154662,,ok,ok,,,350538864804336,EMEF Theodoro Bogen
154663,,ok,ok,,,350538864795708,EMEF Theodoro Bogen
154664,,ok,ok,,,350538864794966,EMEF Theodoro Bogen
154665,,ok,ok,,,350538864796714,EMEF Theodoro Bogen
154666,,ok,ok,,,350538864794891,EMEF Theodoro Bogen
154667,,ok,ok,,,350538864795831,EMEF Theodoro Bogen
154668,,ok,ok,,,350538864798116,EMEF Theodoro Bogen
154669,,ok,ok,,,350538864796441,EMEF Theodoro Bogen
154670,,ok,ok,,,350538865021815,EMEF Theodoro Bogen
154671,,ok,ok,,,350538865027887,EMEF Theodoro Bogen
154672,,ok,ok,,,350538865024850,EMEF Theodoro Bogen
154673,,ok,ok,,,350538865026210,EMEF Theodoro Bogen
154674,,ok,ok,,,350538865021732,EMEF Theodoro Bogen
154675,,ok,ok,,,350538865021492,EMEF Theodoro Bogen
154676,,ok,ok,,,350538865027812,EMEF Theodoro Bogen
154677,,ok,ok,,,350538865021724,EMEF Theodoro Bogen
154678,,ok,ok,,,350538865021880,EMEF Theodoro Bogen
154679,,ok,ok,,,350538865021500,EMEF Theodoro Bogen
154680,,ok,ok,,,350538865071141,EMEF Theodoro Bogen
154681,,ok,ok,,,350538864395806,EMEF Theodoro Bogen
154682,,ok,,,Memo 2025004876,350538865073428,EMEF Theodoro Bogen
154683,,ok,ok,,,350538865073345,EMEF Theodoro Bogen
154684,,ok,ok,,,350538865075324,EMEF Theodoro Bogen
154685,,ok,ok,,,350538864395848,EMEF Theodoro Bogen
154686,,ok,ok,,,350538865070481,EMEF Theodoro Bogen
154687,,ok,ok,,,350538865071158,EMEF Theodoro Bogen
154688,,ok,ok,,,350538865071133,EMEF Theodoro Bogen
154689,,ok,ok,,,350538865070531,EMEF Theodoro Bogen
154690,,ok,ok,,,350538863975400,EMEF Theodoro Bogen
154691,,ok,,,Memo 2025004876,350538863786583,EMEF Theodoro Bogen
154692,,ok,ok,,,350538863787045,EMEF Theodoro Bogen
154693,,ok,ok,,,350538863789637,EMEF Theodoro Bogen
154694,,ok,,,Memo 2025004876,350538863975418,EMEF Theodoro Bogen
154695,,ok,ok,,,350538863786997,EMEF Theodoro Bogen
154696,,ok,ok,,,350538863972779,EMEF Theodoro Bogen
154697,,ok,ok,,,350538863790064,EMEF Theodoro Bogen
154698,,ok,ok,,,350538863786310,EMEF Theodoro Bogen
154699,,ok,ok,,,350538863789058,EMEF Theodoro Bogen
158005,,ok,ok,,,350538864357483,EMEF Theodoro Bogen
158006,,ok,ok,,,350538864357244,EMEF Theodoro Bogen
158007,,ok,ok,,,350538864357855,EMEF Theodoro Bogen
158008,,ok,ok,,,350538864356675,EMEF Theodoro Bogen
158009,,ok,,,,350538864357442,EMEF Theodoro Bogen
158485,,ok,ok,,,350538864795070,EMEF Theodoro Bogen
158486,,ok,ok,,,350538864679969,EMEF Theodoro Bogen
158487,,ok,ok,,,350538864800284,EMEF Theodoro Bogen
158488,,ok,ok,,,350538864797415,EMEF Theodoro Bogen
158489,,ok,ok,,,350538864794297,EMEF Theodoro Bogen
158490,,ok,ok,,,350538864681775,EMEF Theodoro Bogen
158491,,ok,ok,,,350538864681478,EMEF Theodoro Bogen
158492,,ok,ok,,,350538864680983,EMEF Theodoro Bogen
158493,,ok,ok,,,350538864681767,EMEF Theodoro Bogen
158494,,ok,ok,,,350538864681569,EMEF Theodoro Bogen
158495,,ok,ok,,,350538864682666,EMEF Theodoro Bogen
158496,,ok,ok,,,350538864681551,EMEF Theodoro Bogen
158497,,ok,ok,,,350538865211952,EMEF Theodoro Bogen
158498,,ok,ok,,,350538865212026,EMEF Theodoro Bogen
158499,,ok,ok,,,350538864935296,EMEF Theodoro Bogen
158500,,ok,ok,,,350538865206119,EMEF Theodoro Bogen
158501,,ok,ok,,,350538863761586,EMEF Theodoro Bogen
158502,,ok,ok,,,350538865212166,EMEF Theodoro Bogen
158503,,ok,ok,,,350538864461855,EMEF Theodoro Bogen
158504,,ok,ok,,,350538865131010,EMEF Theodoro Bogen
158505,,ok,ok,,,350538865212018,EMEF Theodoro Bogen
158506,,ok,ok,,,350538864466417,EMEF Theodoro Bogen
158507,,ok,ok,,,350538865209923,EMEF Theodoro Bogen
158508,,ok,ok,,,350538864026468,EMEF Theodoro Bogen
158509,,ok,ok,,,350538865209774,EMEF Theodoro Bogen
158510,,ok,ok,,,350538864794370,EMEF Theodoro Bogen
158511,,ok,ok,,,350538864797217,EMEF Theodoro Bogen
158512,,ok,ok,,,350538865206093,EMEF Theodoro Bogen
158513,,ok,ok,,,350538864795419,EMEF Theodoro Bogen
158514,,ok,ok,,,350538864510677,EMEF Theodoro Bogen
158515,,ok,ok,,,350538865212083,EMEF Theodoro Bogen
158516,,ok,ok,,,350538865208248,EMEF Theodoro Bogen
158517,,ok,ok,,,350538864796813,EMEF Theodoro Bogen
158518,,ok,ok,,,350538864681734,EMEF Theodoro Bogen
158519,,ok,ok,,,350538864795187,EMEF Theodoro Bogen
156760,,ok,ok,,,350538865001494,EMEFCM Ícaro
156761,,ok,ok,,,350538864999136,EMEFCM Ícaro
156762,,ok,ok,,,350538864999532,EMEFCM Ícaro
156763,,ok,ok,,,350538864999342,EMEFCM Ícaro
156764,,ok,ok,,,350538865032192,EMEFCM Ícaro
156765,,ok,ok,,,350538865001445,EMEFCM Ícaro
156766,,ok,ok,,,350538865030626,EMEFCM Ícaro
156767,,ok,ok,,,350538865040468,EMEFCM Ícaro
156768,,ok,ok,,,350538865032101,EMEFCM Ícaro
156769,,ok,ok,,,350538865038116,EMEFCM Ícaro
156770,,ok,ok,,,350538864998732,EMEFCM Ícaro
156771,,ok,ok,,,350538864998872,EMEFCM Ícaro
156772,,ok,ok,,,350538864997726,EMEFCM Ícaro
156773,,ok,ok,,,350538864998989,EMEFCM Ícaro
156774,,ok,ok,,,350538864999235,EMEFCM Ícaro
156775,,ok,ok,,,350538865033059,EMEFCM Ícaro
156776,,ok,ok,,,350538864998914,EMEFCM Ícaro
156777,,BO em 07/01/25,,,,350538864998997,EMEFCM Ícaro
156778,,ok,ok,,,350538865031210,EMEFCM Ícaro
156779,,ok,ok,,,350538864997684,EMEFCM Ícaro
156780,,ok,ok,,,350538864462812,EMEFCM Ícaro
156781,,ok,ok,,,350538864469221,EMEFCM Ícaro
156782,,ok,ok,,,350538864363697,EMEFCM Ícaro
156783,,ok,ok,,,350538864363986,EMEFCM Ícaro
156784,,ok,ok,,,350538864370510,EMEFCM Ícaro
156785,,ok,ok,,,350538864367490,EMEFCM Ícaro
156786,,ok,ok,,,350538864473942,EMEFCM Ícaro
156787,,ok,ok,,,350538864364299,EMEFCM Ícaro
156788,,ok,ok,,,350538864364885,EMEFCM Ícaro
156789,,ok,ok,,,350538864364828,EMEFCM Ícaro
156790,,ok,ok,,,350538864114173,EMEFCM Ícaro
156791,,ok,ok,,,350538864117168,EMEFCM Ícaro
156792,,ok,ok,,,350538864120659,EMEFCM Ícaro
156793,,ok,ok,,,350538864114033,EMEFCM Ícaro
156794,,ok,ok,,,350538864118752,EMEFCM Ícaro
156795,,ok,ok,,,350538864116707,EMEFCM Ícaro
156796,,ok,ok,,,350538864115139,EMEFCM Ícaro
156797,,ok,ok,,,350538864115931,EMEFCM Ícaro
156798,,ok,ok,,,350538864114785,EMEFCM Ícaro
156799,,ok,ok,,,350538864114652,EMEFCM Ícaro
156800,,ok,ok,,,350538865001726,EMEFCM Ícaro
156801,,ok,ok,,,350538865055789,EMEFCM Ícaro
156802,,ok,ok,,,350538865000348,EMEFCM Ícaro
156803,,ok,ok,,,350538864998443,EMEFCM Ícaro
156804,,ok,ok,,,350538865001189,EMEFCM Ícaro
156805,,ok,ok,,,350538865001932,EMEFCM Ícaro
156806,,ok,ok,,,350538865034024,EMEFCM Ícaro
156807,,ok,ok,,,350538865042498,EMEFCM Ícaro
156808,,ok,ok,,,350538865002013,EMEFCM Ícaro
156809,,ok,ok,,,350538865000892,EMEFCM Ícaro
156810,,ok,ok,,,350538865213172,EMEFCM Ícaro
156811,,ok,ok,,,350538865212570,EMEFCM Ícaro
156812,,ok,ok,,,350538865212638,EMEFCM Ícaro
156813,,ok,ok,,,350538865207224,EMEFCM Ícaro
156814,,ok,ok,,,350538865202266,EMEFCM Ícaro
156815,,ok,ok,,,350538865213438,EMEFCM Ícaro
156816,,ok,ok,,,350538865208966,EMEFCM Ícaro
156817,,ok,ok,,,350538865206986,EMEFCM Ícaro
156818,,ok,ok,,,350538865211150,EMEFCM Ícaro
156819,,ok,ok,,,350538865211390,EMEFCM Ícaro
156820,,ok,ok,,,350538864804583,EMEFCM Ícaro
156821,,ok,ok,,,350538864797670,EMEFCM Ícaro
156822,,ok,ok,,,350538864809343,EMEFCM Ícaro
156823,,ok,ok,,,350538864793596,EMEFCM Ícaro
156824,,ok,ok,,,350538864806901,EMEFCM Ícaro
156825,,ok,ok,,,350538864807776,EMEFCM Ícaro
156826,,ok,ok,,,350538864808394,EMEFCM Ícaro
156827,,ok,ok,,,350538864794214,EMEFCM Ícaro
156828,,ok,ok,,,350538864798389,EMEFCM Ícaro
156829,,ok,ok,,,350538864793935,EMEFCM Ícaro
153780,,ok,ok,,,350538864408104,EMEI ANÍSIO SPÍNOLA TEIXEIRA
153781,,ok,ok,,,350538864397984,EMEI ANÍSIO SPÍNOLA TEIXEIRA
153782,,ok,ok,,,350538864407817,EMEI ANÍSIO SPÍNOLA TEIXEIRA
153783,,ok,ok,,,350538864399196,EMEI ANÍSIO SPÍNOLA TEIXEIRA
153784,,ok,ok,,,350538864409904,EMEI ANÍSIO SPÍNOLA TEIXEIRA
153785,,ok,ok,,,350538864408534,EMEI ANÍSIO SPÍNOLA TEIXEIRA
153786,,ok,ok,,,350538864397265,EMEI ANÍSIO SPÍNOLA TEIXEIRA
153787,,ok,ok,,,350538864400721,EMEI ANÍSIO SPÍNOLA TEIXEIRA
153788,,ok,ok,,,350538864408138,EMEI ANÍSIO SPÍNOLA TEIXEIRA
153789,,ok,ok,,,350538864398719,EMEI ANÍSIO SPÍNOLA TEIXEIRA
153790,,ok,ok,,,350538864801241,EMEI ANÍSIO SPÍNOLA TEIXEIRA
153791,,ok,ok,,,350538864803890,EMEI ANÍSIO SPÍNOLA TEIXEIRA
153792,,ok,ok,,,350538864871012,EMEI ANÍSIO SPÍNOLA TEIXEIRA
153793,,ok,ok,,,350538864699512,EMEI ANÍSIO SPÍNOLA TEIXEIRA
153794,,ok,ok,,,350538864868083,EMEI ANÍSIO SPÍNOLA TEIXEIRA
153795,,ok,ok,,,350538864801126,EMEI ANÍSIO SPÍNOLA TEIXEIRA
153796,,ok,ok,,,350538864800847,EMEI ANÍSIO SPÍNOLA TEIXEIRA
153797,,ok,ok,,,350538864802306,EMEI ANÍSIO SPÍNOLA TEIXEIRA
153798,,ok,ok,,,350538864933812,EMEI ANÍSIO SPÍNOLA TEIXEIRA
153799,,ok,ok,,,350538864805176,EMEI ANÍSIO SPÍNOLA TEIXEIRA
158080,,ok,ok,,,350538864785527,EMEI ANÍSIO SPÍNOLA TEIXEIRA
158081,,ok,ok,,,350538864846386,EMEI ANÍSIO SPÍNOLA TEIXEIRA
158082,,ok,ok,,,350538864696203,EMEI ANÍSIO SPÍNOLA TEIXEIRA
158083,,ok,ok,,,350538864784298,EMEI ANÍSIO SPÍNOLA TEIXEIRA
158084,,ok,ok,,,350538864784140,EMEI ANÍSIO SPÍNOLA TEIXEIRA
153800,,ok,,,,350538864870451,EMEI BEIJA FLOR
153801,,ok,,,,350538864869610,EMEI BEIJA FLOR
153802,,ok,,,,350538864615765,EMEI BEIJA FLOR
153803,,ok,,,,350538864867226,EMEI BEIJA FLOR
153804,,ok,,,,350538864695247,EMEI BEIJA FLOR
153805,,ok,,,,350538864869479,EMEI BEIJA FLOR
153806,,ok,,,,350538864692731,EMEI BEIJA FLOR
153807,,ok,,,,350538864708339,EMEI BEIJA FLOR
153808,,ok,,,,350538864870048,EMEI BEIJA FLOR
153809,,ok,,,,350538864877159,EMEI BEIJA FLOR
153810,,ok,,,,350538864800805,EMEI BEIJA FLOR
153811,,ok,,,,350538864800664,EMEI BEIJA FLOR
153812,,ok,,,,350538864801035,EMEI BEIJA FLOR
153813,,ok,,,,350538864801266,EMEI BEIJA FLOR
153814,,ok,,,,350538864800540,EMEI BEIJA FLOR
153815,,ok,,,,350538864802462,EMEI BEIJA FLOR
153816,,ok,,,,350538864801050,EMEI BEIJA FLOR
153817,,ok,,,,350538864800797,EMEI BEIJA FLOR
153818,,ok,,,,350538864909176,EMEI BEIJA FLOR
153819,,ok,,,,350538864801134,EMEI BEIJA FLOR
153820,,ok,,,,350538864420174,EMEI BEM-ME-QUER
153821,,ok,,,,350538865073105,EMEI BEM-ME-QUER
153824,,ok,,,,350538865071687,EMEI BEM-ME-QUER
153826,,ok,,,,350538865070259,EMEI BEM-ME-QUER
153829,,ok,,,,350538865076470,EMEI BEM-ME-QUER
153831,,ok,,,,350538865201201,EMEI BEM-ME-QUER
153832,,ok,,,,350538865218361,EMEI BEM-ME-QUER
153833,,ok,,,,350538865204312,EMEI BEM-ME-QUER
153834,,ok,,,,350538865216985,EMEI BEM-ME-QUER
153835,,ok,,,,350538865205418,EMEI BEM-ME-QUER
153840,,ok,,,,350538864397109,EMEI CARA MELADA
153841,,ok,,,,350538864397075,EMEI CARA MELADA
153842,,ok,,,,350538864397042,EMEI CARA MELADA
153843,,ok,,,,350538864397000,EMEI CARA MELADA
153844,,ok,,,,350538864397877,EMEI CARA MELADA
153845,,ok,,,,350538864406611,EMEI CARA MELADA
153846,,ok,,,,350538864411249,EMEI CARA MELADA
153847,,ok,,,,350538864406355,EMEI CARA MELADA
153848,,ok,,,,350538864397893,EMEI CARA MELADA
153849,,ok,,,,350538864397059,EMEI CARA MELADA
153850,,ok,,,,350538864808618,EMEI CARA MELADA
153851,,ok,,,,350538864914127,EMEI CARA MELADA
153852,,ok,,,,350538864910026,EMEI CARA MELADA
153853,,ok,,,,350538864932459,EMEI CARA MELADA
153854,,ok,,,,350538864806299,EMEI CARA MELADA
153855,,ok,,,,350538864932301,EMEI CARA MELADA
153856,,ok,,,,350538864930842,EMEI CARA MELADA
153857,,ok,,,,350538864808444,EMEI CARA MELADA
153858,,ok,,,,350538864932434,EMEI CARA MELADA
153859,,ok,,,,350538864808097,EMEI CARA MELADA
153860,,ok,,,,350538864867671,EMEI CARA MELADA
153861,,ok,,,,350538864869875,EMEI CARA MELADA
153862,,ok,,,,350538864872572,EMEI CARA MELADA
153863,,ok,,,,350538864870022,EMEI CARA MELADA
153864,,ok,,,,350538864869487,EMEI CARA MELADA
153865,,ok,,,,350538864869404,EMEI CARA MELADA
153866,,ok,,,,350538864869420,EMEI CARA MELADA
153867,,ok,,,,350538864698043,EMEI CARA MELADA
153868,,ok,,,,350538864870329,EMEI CARA MELADA
153869,,ok,,,,350538864867713,EMEI CARA MELADA
153870,,ok,,,,350538864400598,EMEI CARA MELADA
153871,,ok,,,,350538864401299,EMEI CARA MELADA
153872,,ok,,,,350538864398727,EMEI CARA MELADA
153873,,ok,,,,350538864399147,EMEI CARA MELADA
153874,,ok,,,,350538864420208,EMEI CARA MELADA
153875,,ok,,,,350538864400689,EMEI CARA MELADA
153876,,ok,,,,350538864417212,EMEI CARA MELADA
153877,,ok,,,,350538864398446,EMEI CARA MELADA
153878,,ok,,,,350538864397976,EMEI CARA MELADA
153879,,ok,,,,350538864401398,EMEI CARA MELADA
153880,,ok,,,,350538865075753,EMEI CARINHA DE ANJO
153881,,ok,,,,350538864397612,EMEI CARINHA DE ANJO
153882,,ok,,,,350538864395525,EMEI CARINHA DE ANJO
153883,,ok,,,,350538865076439,EMEI CARINHA DE ANJO
153884,,ok,,,,350538865075282,EMEI CARINHA DE ANJO
153885,,ok,,,,350538864395319,EMEI CARINHA DE ANJO
153886,,ok,,,,350538864399923,EMEI CARINHA DE ANJO
153887,,ok,,,,350538865076454,EMEI CARINHA DE ANJO
153888,,ok,,,,350538864396952,EMEI CARINHA DE ANJO
153889,,ok,,,,350538865075795,EMEI CARINHA DE ANJO
153890,Sim,,,,Memo 2025009759,350538865037209,EMEI CARINHA DE ANJO
153891,,ok,,,,350538865037746,EMEI CARINHA DE ANJO
153892,,ok,,,,350538865003912,EMEI CARINHA DE ANJO
153893,,ok,,,,350538865035153,EMEI CARINHA DE ANJO
153894,,ok,,,,350538865004118,EMEI CARINHA DE ANJO
153895,Sim,,,,Memo 2025009759,350538865038074,EMEI CARINHA DE ANJO
153896,,ok,,,,350538865003946,EMEI CARINHA DE ANJO
153897,,ok,,,,350538865004100,EMEI CARINHA DE ANJO
153898,,ok,,,,350538865003987,EMEI CARINHA DE ANJO
153899,,ok,,,,350538865036680,EMEI CARINHA DE ANJO
153900,,,,,,350538864882738,EMEI CARROSSEL
153901,,,,,,350538864882662,EMEI CARROSSEL
153902,,,,,,350538864882688,EMEI CARROSSEL
153903,,,,,,350538864881797,EMEI CARROSSEL
153904,,,,,,350538864881789,EMEI CARROSSEL
153905,,,,,,350538864882597,EMEI CARROSSEL
153906,,,,,,350538864881722,EMEI CARROSSEL
153907,,,,,,350538864880971,EMEI CARROSSEL
153908,,,,,,350538864695015,EMEI CARROSSEL
153909,,,,,,350538864882621,EMEI CARROSSEL
153910,,,,,,350538864397414,EMEI CARROSSEL
153911,,,,,,350538864401182,EMEI CARROSSEL
153912,,,,,,350538864407510,EMEI CARROSSEL
153913,,,,,,350538864401364,EMEI CARROSSEL
153914,,,,,,350538864397356,EMEI CARROSSEL
153915,,,,,,350538864396945,EMEI CARROSSEL
153916,,,,,,350538864401141,EMEI CARROSSEL
153917,,,,,,350538864401018,EMEI CARROSSEL
153918,,,,,,350538864400762,EMEI CARROSSEL
153919,,,,,,350538864397810,EMEI CARROSSEL
153920,,ok,ok,ok,,350538864785519,EMEI GILDA SCHIAVON
153921,,ok,ok,ok,,350538864786764,EMEI GILDA SCHIAVON
153922,Inundado,,,,,350538864785543,EMEI GILDA SCHIAVON
153923,,ok,ok,ok,,350538864785451,EMEI GILDA SCHIAVON
153924,,ok,ok,ok,,350538864784355,EMEI GILDA SCHIAVON
153925,,ok,ok,ok,,350538864786798,EMEI GILDA SCHIAVON
153926,,ok,ok,ok,,350538864786459,EMEI GILDA SCHIAVON
153927,,ok,ok,ok,,350538864785683,EMEI GILDA SCHIAVON
153928,,ok,ok,ok,,350538864786525,EMEI GILDA SCHIAVON
153929,,ok,ok,ok,,350538864785782,EMEI GILDA SCHIAVON
153930,,ok,ok,ok,,350538864837799,EMEI GILDA SCHIAVON
153931,,ok,ok,ok,,350538864840884,EMEI GILDA SCHIAVON
153932,,ok,ok,ok,,350538864834671,EMEI GILDA SCHIAVON
153933,,ok,ok,ok,,350538864835686,EMEI GILDA SCHIAVON
153934,Inundado,,,,,350538864835801,EMEI GILDA SCHIAVON
153935,Inundado,,,,,350538864786962,EMEI GILDA SCHIAVON
153936,Inundado,,,LOCALIZADO!,,350538864834440,EMEI GILDA SCHIAVON
153937,,ok,ok,ok,,350538864835280,EMEI GILDA SCHIAVON
153938,,ok,ok,ok,,350538864834382,EMEI GILDA SCHIAVON
153939,,ok,ok,ok,,350538864834655,EMEI GILDA SCHIAVON
158085,,ok,ok,ok,,350538864784173,EMEI GILDA SCHIAVON
158086,,ok,ok,ok,,350538864786061,EMEI GILDA SCHIAVON
158087,,ok,ok,ok,,350538864783266,EMEI GILDA SCHIAVON
158088,,ok,ok,ok,,350538864834143,EMEI GILDA SCHIAVON
158089,,ok,ok,ok,,350538864786111,EMEI GILDA SCHIAVON
153940,,ok,,,,350538864859520,EMEI IRMA CHIES
153941,,ok,,,,350538864843698,EMEI IRMA CHIES
153942,,ok,,,,350538864844357,EMEI IRMA CHIES
153943,,ok,,,,350538864836213,EMEI IRMA CHIES
153944,,ok,,,,350538864836890,EMEI IRMA CHIES
153945,,ok,,,,350538864837047,EMEI IRMA CHIES
153946,,ok,,,,350538864841007,EMEI IRMA CHIES
153947,,ok,,,,350538864837864,EMEI IRMA CHIES
153948,,ok,,,,350538864839837,EMEI IRMA CHIES
153949,,ok,,,,350538864836239,EMEI IRMA CHIES
153950,,ok,,,,350538864403188,EMEI IRMA CHIES
153951,,ok,,,,350538864403303,EMEI IRMA CHIES
153952,,ok,,,,350538864406850,EMEI IRMA CHIES
153953,,ok,,,,350538864406199,EMEI IRMA CHIES
153954,,ok,,,,350538864403493,EMEI IRMA CHIES
153955,,ok,,,,350538864397943,EMEI IRMA CHIES
153956,,ok,,,,350538864403337,EMEI IRMA CHIES
153957,,ok,,,,350538864403899,EMEI IRMA CHIES
153958,,ok,,,,350538864402784,EMEI IRMA CHIES
153959,,ok,,,,350538864407221,EMEI IRMA CHIES
158090,,ok,,,,350538862743973,EMEI IRMA CHIES
158091,,ok,,,,350538862750051,EMEI IRMA CHIES
158092,,ok,,,,350538862743940,EMEI IRMA CHIES
158093,,ok,,,,350538862749947,EMEI IRMA CHIES
158094,,ok,,,,350538862746422,EMEI IRMA CHIES
153960,,ok,,,,350538865066620,EMEI JORNALISTA MARIONE MACHADO LEITE
153961,,ok,,,,350538865068337,EMEI JORNALISTA MARIONE MACHADO LEITE
153962,,ok,,,,350538865066596,EMEI JORNALISTA MARIONE MACHADO LEITE
153963,,ok,,,,350538865068386,EMEI JORNALISTA MARIONE MACHADO LEITE
153964,,ok,,,,350538865066612,EMEI JORNALISTA MARIONE MACHADO LEITE
153965,,ok,,,,350538865064385,EMEI JORNALISTA MARIONE MACHADO LEITE
153966,,ok,,,,350538865072990,EMEI JORNALISTA MARIONE MACHADO LEITE
153967,,ok,,,,350538864395038,EMEI JORNALISTA MARIONE MACHADO LEITE
153968,,ok,,,,350538865064427,EMEI JORNALISTA MARIONE MACHADO LEITE
153969,,ok,,,,350538864411082,EMEI JORNALISTA MARIONE MACHADO LEITE
153970,,ok,,,,350538865068766,EMEI JORNALISTA MARIONE MACHADO LEITE
153971,,ok,,,,350538865070234,EMEI JORNALISTA MARIONE MACHADO LEITE
153972,,ok,,,,350538865069657,EMEI JORNALISTA MARIONE MACHADO LEITE
153973,,ok,,,,350538865069954,EMEI JORNALISTA MARIONE MACHADO LEITE
153974,,ok,,,,350538865070176,EMEI JORNALISTA MARIONE MACHADO LEITE
153975,,ok,,,,350538865073071,EMEI JORNALISTA MARIONE MACHADO LEITE
153976,,ok,,,,350538865070218,EMEI JORNALISTA MARIONE MACHADO LEITE
153977,,ok,,,,350538865069889,EMEI JORNALISTA MARIONE MACHADO LEITE
153978,,ok,,,,350538865071992,EMEI JORNALISTA MARIONE MACHADO LEITE
153979,,ok,,,,350538865072057,EMEI JORNALISTA MARIONE MACHADO LEITE
153980,,ok,,,,350538864932863,EMEI JULIETA VILLAMIL BALESTRO
153981,,ok,,,,350538864809061,EMEI JULIETA VILLAMIL BALESTRO
153982,,ok,,,,350538864930347,EMEI JULIETA VILLAMIL BALESTRO
153983,,ok,,,,350538864809095,EMEI JULIETA VILLAMIL BALESTRO
153984,,ok,,,,350538864932384,EMEI JULIETA VILLAMIL BALESTRO
153985,,ok,,,,350538864930495,EMEI JULIETA VILLAMIL BALESTRO
153986,,ok,,,,350538864809160,EMEI JULIETA VILLAMIL BALESTRO
153987,,ok,,,,350538864930529,EMEI JULIETA VILLAMIL BALESTRO
153988,,ok,,,,350538864932830,EMEI JULIETA VILLAMIL BALESTRO
153989,,ok,,,,350538864809111,EMEI JULIETA VILLAMIL BALESTRO
153990,,ok,,,,350538864854794,EMEI JULIETA VILLAMIL BALESTRO
153991,,ok,,,,350538864861757,EMEI JULIETA VILLAMIL BALESTRO
153992,,ok,,,,350538864854646,EMEI JULIETA VILLAMIL BALESTRO
153993,,ok,,,,350538864861690,EMEI JULIETA VILLAMIL BALESTRO
153994,,ok,,,,350538864855577,EMEI JULIETA VILLAMIL BALESTRO
153995,,ok,,,,350538864861112,EMEI JULIETA VILLAMIL BALESTRO
153996,,ok,,,,350538864855999,EMEI JULIETA VILLAMIL BALESTRO
153997,,ok,,,,350538864861021,EMEI JULIETA VILLAMIL BALESTRO
153998,,ok,,,,350538864861070,EMEI JULIETA VILLAMIL BALESTRO
153999,,ok,,,,350538864854901,EMEI JULIETA VILLAMIL BALESTRO
158095,,ok,,,,350538862742736,EMEI JULIETA VILLAMIL BALESTRO
158096,,ok,,,,350538862747958,EMEI JULIETA VILLAMIL BALESTRO
158097,,ok,,,,350538862742934,EMEI JULIETA VILLAMIL BALESTRO
158098,,ok,,,,350538862742157,EMEI JULIETA VILLAMIL BALESTRO
158099,,ok,,,,350538862743676,EMEI JULIETA VILLAMIL BALESTRO
154000,,ok,,,,350538865039239,EMEI LANEY LANGARO
154001,,ok,,,,350538865004159,EMEI LANEY LANGARO
154002,,ok,,,,350538865037951,EMEI LANEY LANGARO
154003,,ok,,,,350538865037514,EMEI LANEY LANGARO
154004,,ok,,,,350538865035195,EMEI LANEY LANGARO
154005,,ok,,,,350538865038058,EMEI LANEY LANGARO
154006,,ok,,,,350538865004001,EMEI LANEY LANGARO
154007,,ok,,,,350538865004175,EMEI LANEY LANGARO
154008,,ok,,,,350538865036425,EMEI LANEY LANGARO
154009,,ok,,,,350538865037670,EMEI LANEY LANGARO
154010,,ok,,,,350538865064401,EMEI LANEY LANGARO
154011,,ok,,,,350538865070077,EMEI LANEY LANGARO
154012,,ok,,,,350538865066513,EMEI LANEY LANGARO
154013,,ok,,,,350538865066539,EMEI LANEY LANGARO
154014,,ok,,,,350538865072099,EMEI LANEY LANGARO
154015,,ok,,,,350538865072941,EMEI LANEY LANGARO
154016,,ok,,,,350538865073881,EMEI LANEY LANGARO
154017,,ok,,,,350538864372359,EMEI LANEY LANGARO
154018,,ok,,,,350538865068378,EMEI LANEY LANGARO
154019,,ok,,,,350538865069616,EMEI LANEY LANGARO
158100,,ok,,,,350538864861005,EMEI LANEY LANGARO
158101,,ok,,,,350538864854679,EMEI LANEY LANGARO
158102,,ok,,,,350538864852830,EMEI LANEY LANGARO
158103,,ok,,,,350538864854687,EMEI LANEY LANGARO
158104,,ok,,,,350538864851352,EMEI LANEY LANGARO
154040,,ok,,,,350538864935171,EMEI MÃE AUGUSTA
154041,,ok,,,,350538864804401,EMEI MÃE AUGUSTA
154042,,ok,,,,350538864935254,EMEI MÃE AUGUSTA
154043,,ok,,,,350538864936492,EMEI MÃE AUGUSTA
154044,,ok,,,,350538864910992,EMEI MÃE AUGUSTA
154045,,ok,,,,350538864913376,EMEI MÃE AUGUSTA
154046,,ok,,,,350538864922088,EMEI MÃE AUGUSTA
154047,,ok,,,,350538864910182,EMEI MÃE AUGUSTA
154048,,ok,,,,350538864908533,EMEI MÃE AUGUSTA
154049,,ok,,,,350538864909705,EMEI MÃE AUGUSTA
154050,,ok,,,,350538865071240,EMEI MÃE AUGUSTA
154051,,ok,,,,350538865068717,EMEI MÃE AUGUSTA
154052,,ok,,,,350538865067297,EMEI MÃE AUGUSTA
154053,,ok,,,,350538865067362,EMEI MÃE AUGUSTA
154054,,ok,,,,350538865067388,EMEI MÃE AUGUSTA
154055,,ok,,,,350538865068774,EMEI MÃE AUGUSTA
154056,,ok,,,,350538865072115,EMEI MÃE AUGUSTA
154057,,ok,,,,350538865067370,EMEI MÃE AUGUSTA
154058,,ok,,,,350538865067305,EMEI MÃE AUGUSTA
154059,,ok,,,,350538865072958,EMEI MÃE AUGUSTA
154080,sim,,,,,350538865035146,EMEI NILTON LEAL MARIA
154081,sim,,,,,350538865037852,EMEI NILTON LEAL MARIA
154082,sim,,,,,350538865039270,EMEI NILTON LEAL MARIA
154083,sim,,,,,350538865037779,EMEI NILTON LEAL MARIA
154084,sim,,,,,350538865037092,EMEI NILTON LEAL MARIA
154085,sim,,,,,350538865037639,EMEI NILTON LEAL MARIA
154086,sim,,,,,350538865038546,EMEI NILTON LEAL MARIA
154087,sim,,,,,350538865037787,EMEI NILTON LEAL MARIA
154088,sim,,,,,350538865036490,EMEI NILTON LEAL MARIA
154089,sim,,,,,350538865036581,EMEI NILTON LEAL MARIA
154090,sim,,,,,350538864397851,EMEI NILTON LEAL MARIA
154091,sim,,,,,350538864422527,EMEI NILTON LEAL MARIA
154092,sim,,,,,350538864401406,EMEI NILTON LEAL MARIA
154093,sim,,,,,350538864399394,EMEI NILTON LEAL MARIA
154094,sim,,,,,350538864414326,EMEI NILTON LEAL MARIA
154095,sim,,,,,350538864397869,EMEI NILTON LEAL MARIA
154096,sim,,,,,350538864409508,EMEI NILTON LEAL MARIA
154097,sim,,,,,350538864399352,EMEI NILTON LEAL MARIA
154098,sim,,,,,350538864403949,EMEI NILTON LEAL MARIA
154099,sim,,,,,350538864398230,EMEI NILTON LEAL MARIA
158210,,ok,ok,ok,,350538864658542,EMEI Nilton Leal Maria
158211,,ok,ok,ok,,350538864072090,EMEI Nilton Leal Maria
158212,,ok,ok,ok,,350538864796425,EMEI Nilton Leal Maria
158213,,ok,ok,ok,,350538864702779,EMEI Nilton Leal Maria
158214,,ok,ok,ok,,350538864026815,EMEI Nilton Leal Maria
158215,,ok,ok,ok,,350538864088161,EMEI Nilton Leal Maria
158216,,ok,ok,ok,,350538865214931,EMEI Nilton Leal Maria
158217,,ok,ok,ok,,350538865219054,EMEI Nilton Leal Maria
158218,,ok,ok,ok,,350538864869438,EMEI Nilton Leal Maria
158219,,ok,ok,ok,,350538864459792,EMEI Nilton Leal Maria
158451,,ok,ok,ok,,350538864426015,EMEI Nilton Leal Maria
158452,,ok,ok,ok,,350538864382457,EMEI Nilton Leal Maria
158455,,ok,ok,ok,,350538864390088,EMEI Nilton Leal Maria
158457,,ok,ok,ok,,350538864420125,EMEI Nilton Leal Maria
158458,,ok,ok,ok,,350538864420125,EMEI Nilton Leal Maria
158459,,ok,ok,ok,,350538864417717,EMEI Nilton Leal Maria
158463,,ok,ok,ok,,350538865216845,EMEI Nilton Leal Maria
158483,,ok,ok,ok,,350538865131028,EMEI Nilton Leal Maria
158484,,ok,ok,ok,,350538865166958,EMEI Nilton Leal Maria
154100,,ok,,,,350538864932509,EMEI OLGA MACHADO RONCHETTI
154101,,ok,,,,350538864932814,EMEI OLGA MACHADO RONCHETTI
154102,,ok,,,,350538864808519,EMEI OLGA MACHADO RONCHETTI
154103,,ok,,,,350538864810101,EMEI OLGA MACHADO RONCHETTI
154104,,ok,,,,350538864930362,EMEI OLGA MACHADO RONCHETTI
154105,,ok,,,,350538864806042,EMEI OLGA MACHADO RONCHETTI
154106,,ok,,,,350538864931865,EMEI OLGA MACHADO RONCHETTI
154107,,ok,,,,350538864806273,EMEI OLGA MACHADO RONCHETTI
154108,,ok,,,,350538864932483,EMEI OLGA MACHADO RONCHETTI
154109,,ok,,,,350538864809020,EMEI OLGA MACHADO RONCHETTI
154110,,ok,,,,350538864808048,EMEI OLGA MACHADO RONCHETTI
154111,,ok,,,,350538864936393,EMEI OLGA MACHADO RONCHETTI
154112,,ok,,,,350538864933150,EMEI OLGA MACHADO RONCHETTI
154113,,ok,,,,350538864932368,EMEI OLGA MACHADO RONCHETTI
154114,,ok,,,,350538864933408,EMEI OLGA MACHADO RONCHETTI
154115,,ok,,,,350538864808121,EMEI OLGA MACHADO RONCHETTI
154116,,ok,,,,350538864806067,EMEI OLGA MACHADO RONCHETTI
154117,,ok,,,,350538864917724,EMEI OLGA MACHADO RONCHETTI
154118,,ok,,,,350538864806117,EMEI OLGA MACHADO RONCHETTI
154119,,ok,,,,350538864808543,EMEI OLGA MACHADO RONCHETTI
154120,,ok,,,,350538864410498,EMEI PÉ DE MOLEQUE
154121,,ok,,,,350538864410688,EMEI PÉ DE MOLEQUE
154122,,ok,,,,350538864411934,EMEI PÉ DE MOLEQUE
154123,,ok,,,,350538864411538,EMEI PÉ DE MOLEQUE
154124,,ok,,,,350538864407270,EMEI PÉ DE MOLEQUE
154125,,ok,,,,350538864407338,EMEI PÉ DE MOLEQUE
154126,,ok,,,,350538864408021,EMEI PÉ DE MOLEQUE
154127,,ok,,,,350538864409292,EMEI PÉ DE MOLEQUE
154128,,ok,,,,350538864403659,EMEI PÉ DE MOLEQUE
154129,,ok,,,,350538864405597,EMEI PÉ DE MOLEQUE
154130,,ok,,,,350538864836783,EMEI PÉ DE MOLEQUE
154131,,ok,,,,350538864836072,EMEI PÉ DE MOLEQUE
154132,,ok,,,,350538864787283,EMEI PÉ DE MOLEQUE
154133,,ok,,,,350538864834481,EMEI PÉ DE MOLEQUE
154134,,ok,,,,350538864835314,EMEI PÉ DE MOLEQUE
154135,,ok,,,,350538864837781,EMEI PÉ DE MOLEQUE
154136,,ok,,,,350538864836726,EMEI PÉ DE MOLEQUE
154137,,ok,,,,350538864835652,EMEI PÉ DE MOLEQUE
154138,,ok,,,,350538864835249,EMEI PÉ DE MOLEQUE
154139,,ok,,,,350538864834812,EMEI PÉ DE MOLEQUE
154140,,ok,,,,350538864413070,EMEI PEQUENO POLEGAR
154141,,ok,,,,350538864405621,EMEI PEQUENO POLEGAR
154142,,ok,,,,350538864402107,EMEI PEQUENO POLEGAR
154143,,ok,,,,350538864404939,EMEI PEQUENO POLEGAR
154144,,ok,,,,350538864410258,EMEI PEQUENO POLEGAR
154145,,ok,,,,350538864403170,EMEI PEQUENO POLEGAR
154146,,ok,,,,350538864408955,EMEI PEQUENO POLEGAR
154147,,ok,,,,350538864410118,EMEI PEQUENO POLEGAR
154148,,ok,,,,350538864403097,EMEI PEQUENO POLEGAR
154149,,,,,BO em 13/07/23,350538864412866,EMEI PEQUENO POLEGAR
154150,,ok,,,,350538865039494,EMEI PEQUENO POLEGAR
154151,,ok,,,,350538865039460,EMEI PEQUENO POLEGAR
154152,,ok,,,,350538865069244,EMEI PEQUENO POLEGAR
154153,,ok,,,,350538865036714,EMEI PEQUENO POLEGAR
154154,,ok,,,,350538865041276,EMEI PEQUENO POLEGAR
154155,,ok,,,,350538865056324,EMEI PEQUENO POLEGAR
154156,,ok,,,,350538865069194,EMEI PEQUENO POLEGAR
154157,,ok,,,,350538865041292,EMEI PEQUENO POLEGAR
154158,,ok,,,,350538865056191,EMEI PEQUENO POLEGAR
154159,,ok,,,,350538865066414,EMEI PEQUENO POLEGAR
154020,,,,,,350538864401646,EMEI PINGO DE GENTE
154021,,,,,,350538865075860,EMEI PINGO DE GENTE
154022,,,,,,350538864395475,EMEI PINGO DE GENTE
154023,,,,,,350538864395509,EMEI PINGO DE GENTE
154024,,,,,,350538864400705,EMEI PINGO DE GENTE
154025,,,,,,350538865075167,EMEI PINGO DE GENTE
154026,,,,,,350538864395210,EMEI PINGO DE GENTE
154027,,,,,,350538865075787,EMEI PINGO DE GENTE
154028,,,,,,350538864409029,EMEI PINGO DE GENTE
154029,,,,,,350538865075845,EMEI PINGO DE GENTE
154030,,,,,,350538864870881,EMEI PINGO DE GENTE
154031,,,,,,350538864877340,EMEI PINGO DE GENTE
154032,,,,,,350538864870261,EMEI PINGO DE GENTE
154033,,,,,,350538864876151,EMEI PINGO DE GENTE
154034,,,,,,350538864879775,EMEI PINGO DE GENTE
154035,,,,,,350538864872341,EMEI PINGO DE GENTE
154036,,,,,,350538864872333,EMEI PINGO DE GENTE
154037,,,,,,350538864873455,EMEI PINGO DE GENTE
154038,,,,,,350538864869933,EMEI PINGO DE GENTE
154039,,,,,,350538864867143,EMEI PINGO DE GENTE
154180,,,,,,350538865136639,EMEI PINGO DE GENTE
154181,,,,,,350538865136647,EMEI PINGO DE GENTE
154182,,,,,,350538865137397,EMEI PINGO DE GENTE
154183,,,,,,350538865138163,EMEI PINGO DE GENTE
154184,,,,,,350538865138874,EMEI PINGO DE GENTE
154185,,,,,,350538865137249,EMEI PINGO DE GENTE
154186,,,,,,350538865135649,EMEI PINGO DE GENTE
154187,,,,,,350538865134600,EMEI PINGO DE GENTE
154188,,,,,,350538865135474,EMEI PINGO DE GENTE
154189,,,,,,350538865135482,EMEI PINGO DE GENTE
154190,,,,,,350538864844266,EMEI PINGO DE GENTE
154191,,,,,,350538864838193,EMEI PINGO DE GENTE
154192,,,,,,350538864836643,EMEI PINGO DE GENTE
154193,,,,,,350538864835934,EMEI PINGO DE GENTE
154194,,,,,,350538864844902,EMEI PINGO DE GENTE
154195,,,,,,350538864846238,EMEI PINGO DE GENTE
154196,,,,,,350538864836015,EMEI PINGO DE GENTE
154197,,,,,,350538864852897,EMEI PINGO DE GENTE
154198,,,,,,350538864846493,EMEI PINGO DE GENTE
154199,,,,,,350538864847053,EMEI PINGO DE GENTE
154200,,,,,,350538864913228,EMEI PINGO DE GENTE
154201,,,,,,350538864913483,EMEI PINGO DE GENTE
154202,,,,,,350538864911628,EMEI PINGO DE GENTE
154203,,,,,,350538864935395,EMEI PINGO DE GENTE
154204,,,,,,350538864910091,EMEI PINGO DE GENTE
154205,,,,,,350538864910737,EMEI PINGO DE GENTE
154206,,,,,,350538864933945,EMEI PINGO DE GENTE
154207,,,,,,350538864936476,EMEI PINGO DE GENTE
154208,,,,,,350538864910448,EMEI PINGO DE GENTE
154209,,,,,,350538864926741,EMEI PINGO DE GENTE
154210,,,,,,350538865037555,EMEI PINGO DE GENTE
154211,,,,,,350538865035575,EMEI PINGO DE GENTE
154212,,,,,,350538865035054,EMEI PINGO DE GENTE
154213,,,,,,350538865035609,EMEI PINGO DE GENTE
154214,,,,,,350538865038066,EMEI PINGO DE GENTE
154215,,,,,,350538865035518,EMEI PINGO DE GENTE
154216,,,,,,350538865037043,EMEI PINGO DE GENTE
154217,,,,,,350538865036441,EMEI PINGO DE GENTE
154218,,,,,,350538865037399,EMEI PINGO DE GENTE
154219,,,,,,350538865037803,EMEI PINGO DE GENTE
158314,,ok,,,,350538864372037,EMEI PINGO DE GENTE
158315,,ok,,,,350538864418152,EMEI PINGO DE GENTE
158316,,ok,,,,350538864418236,EMEI PINGO DE GENTE
158317,,ok,,,,350538864393108,EMEI PINGO DE GENTE
158318,,ok,,,,350538864426163,EMEI PINGO DE GENTE
158319,,ok,,,,350538864392837,EMEI PINGO DE GENTE
154160,,ok,,,,350538864930198,EMEI PINTANDO O SETE
154161,,ok,,,,350538864930206,EMEI PINTANDO O SETE
154162,,ok,,,,350538864810077,EMEI PINTANDO O SETE
154163,,ok,,,,350538864809814,EMEI PINTANDO O SETE
154164,,ok,,,,350538864908459,EMEI PINTANDO O SETE
154165,,ok,,,,350538864911693,EMEI PINTANDO O SETE
154166,,ok,,,,350538864933697,EMEI PINTANDO O SETE
154167,,ok,,,,350538864914382,EMEI PINTANDO O SETE
154168,,ok,,,,350538864932343,EMEI PINTANDO O SETE
154169,,ok,,,,350538864932251,EMEI PINTANDO O SETE
154170,,ok,,,,350538864834432,EMEI PINTANDO O SETE
154171,,ok,,,,350538864783050,EMEI PINTANDO O SETE
154172,,ok,,,,350538864834572,EMEI PINTANDO O SETE
154173,,ok,,,,350538864787457,EMEI PINTANDO O SETE
154174,,ok,,,,350538864786715,EMEI PINTANDO O SETE
154175,,ok,,,,350538864786079,EMEI PINTANDO O SETE
154176,,ok,,,,350538864783233,EMEI PINTANDO O SETE
154177,,ok,,,,350538864698225,EMEI PINTANDO O SETE
154178,,ok,,,,350538864834606,EMEI PINTANDO O SETE
154179,,ok,,,,350538864783597,EMEI PINTANDO O SETE
154220,,ok,,,,350538864875351,EMEI PROFESSORA CARMEM FERREIRA
154221,,ok,,,,350538864876771,EMEI PROFESSORA CARMEM FERREIRA
154222,,ok,,,,350538864878215,EMEI PROFESSORA CARMEM FERREIRA
154223,,ok,,,,350538864875740,EMEI PROFESSORA CARMEM FERREIRA
154224,,ok,,,,350538864877795,EMEI PROFESSORA CARMEM FERREIRA
154226,,ok,,,,350538864877308,EMEI PROFESSORA CARMEM FERREIRA
154227,,ok,,,,350538864870113,EMEI PROFESSORA CARMEM FERREIRA
154228,,ok,,,,350538864869529,EMEI PROFESSORA CARMEM FERREIRA
154229,,ok,,,,350538864873257,EMEI PROFESSORA CARMEM FERREIRA
154230,,ok,,,,350538865073006,EMEI PROFESSORA CARMEM FERREIRA
154231,,ok,,,,350538865072255,EMEI PROFESSORA CARMEM FERREIRA
154232,,ok,,,,350538865069426,EMEI PROFESSORA CARMEM FERREIRA
154233,,ok,,,,350538865073147,EMEI PROFESSORA CARMEM FERREIRA
154234,,ok,,,,350538865071968,EMEI PROFESSORA CARMEM FERREIRA
154235,,ok,,,,350538864417816,EMEI PROFESSORA CARMEM FERREIRA
154236,,ok,,,,350538865073220,EMEI PROFESSORA CARMEM FERREIRA
154237,,ok,,,,350538865069731,EMEI PROFESSORA CARMEM FERREIRA
154238,,ok,,,,350538865069988,EMEI PROFESSORA CARMEM FERREIRA
154239,,ok,,,,350538865072024,EMEI PROFESSORA CARMEM FERREIRA
158073,,ok,,,,350538862642670,EMEI PROFESSORA CARMEM FERREIRA
154240,,ok,,,,350538864870923,EMEI PROFESSORA IDARA ROCHA
154241,,ok,,,,350538864867663,EMEI PROFESSORA IDARA ROCHA
154242,,ok,,,,350538864869958,EMEI PROFESSORA IDARA ROCHA
154243,,ok,,,,350538864866400,EMEI PROFESSORA IDARA ROCHA
154244,,ok,,,,350538864867275,EMEI PROFESSORA IDARA ROCHA
154245,,ok,,,,350538864872689,EMEI PROFESSORA IDARA ROCHA
154246,,ok,,,,350538864872655,EMEI PROFESSORA IDARA ROCHA
154247,,ok,,,,350538864870964,EMEI PROFESSORA IDARA ROCHA
154248,,ok,,,,350538864867259,EMEI PROFESSORA IDARA ROCHA
154249,,ok,,,,350538864869990,EMEI PROFESSORA IDARA ROCHA
154250,,ok,,,,350538865071950,EMEI PROFESSORA IDARA ROCHA
154251,,ok,,,,350538865069947,EMEI PROFESSORA IDARA ROCHA
154252,,ok,,,,350538865069764,EMEI PROFESSORA IDARA ROCHA
154253,,ok,,,,350538865069418,EMEI PROFESSORA IDARA ROCHA
154254,,ok,,,,350538865071885,EMEI PROFESSORA IDARA ROCHA
154255,,ok,,,,350538865071844,EMEI PROFESSORA IDARA ROCHA
154256,,ok,,,,350538865070200,EMEI PROFESSORA IDARA ROCHA
154257,,ok,,,,350538865071984,EMEI PROFESSORA IDARA ROCHA
154258,,ok,,,,350538865070127,EMEI PROFESSORA IDARA ROCHA
154259,,ok,,,,350538865070267,EMEI PROFESSORA IDARA ROCHA
154260,,ok,,ok,,350538865142421,EMEI PROFESSORA MARILENE DA SILVA MACHADO
154261,,ok,,ok,,350538865140300,EMEI PROFESSORA MARILENE DA SILVA MACHADO
154262,,ok,,ok,,350538865142595,EMEI PROFESSORA MARILENE DA SILVA MACHADO
154263,,ok,,ok,,350538865199157,EMEI PROFESSORA MARILENE DA SILVA MACHADO
154264,,ok,,ok,,350538865200310,EMEI PROFESSORA MARILENE DA SILVA MACHADO
154265,,ok,,Aguardando BO,,350538865197086,EMEI PROFESSORA MARILENE DA SILVA MACHADO
154266,,ok,,ok,,350538865127414,EMEI PROFESSORA MARILENE DA SILVA MACHADO
154267,,ok,,ok,,350538865142843,EMEI PROFESSORA MARILENE DA SILVA MACHADO
154268,,ok,,ok,,350538865147677,EMEI PROFESSORA MARILENE DA SILVA MACHADO
154269,,ok,,ok,,350538865199504,EMEI PROFESSORA MARILENE DA SILVA MACHADO
154270,,ok,,ok,,350538864692061,EMEI PROFESSORA MARILENE DA SILVA MACHADO
154271,,ok,,ok,,350538864838003,EMEI PROFESSORA MARILENE DA SILVA MACHADO
154272,,ok,,estragado,,350538864854935,EMEI PROFESSORA MARILENE DA SILVA MACHADO
154273,,ok,,ok,,350538864836346,EMEI PROFESSORA MARILENE DA SILVA MACHADO
154274,,ok,,ok,,350538864836361,EMEI PROFESSORA MARILENE DA SILVA MACHADO
154275,,ok,,ok,,350538864860056,EMEI PROFESSORA MARILENE DA SILVA MACHADO
154276,,ok,,ok,,350538864876615,EMEI PROFESSORA MARILENE DA SILVA MACHADO
154277,,ok,,ok,,350538864842898,EMEI PROFESSORA MARILENE DA SILVA MACHADO
154278,,ok,,ok,,350538864843870,EMEI PROFESSORA MARILENE DA SILVA MACHADO
154279,,ok,,ok,,350538864836312,EMEI PROFESSORA MARILENE DA SILVA MACHADO
154060,,,ok,ok,,350538864935353,EMEI PROFESSORA ROSÂNGELA
154061,,,ok,ok,,350538864799742,EMEI PROFESSORA ROSÂNGELA
154062,,,ok,ok,,350538864808279,EMEI PROFESSORA ROSÂNGELA
154063,,,ok,ok,,350538864800425,EMEI PROFESSORA ROSÂNGELA
154064,,,ok,ok,,350538864802223,EMEI PROFESSORA ROSÂNGELA
154065,,,ok,ok,,350538864799668,EMEI PROFESSORA ROSÂNGELA
154066,,,ok,ok,,350538864799676,EMEI PROFESSORA ROSÂNGELA
154067,,,ok,ok,,350538864908202,EMEI PROFESSORA ROSÂNGELA
154068,,,ok,ok,,350538864800326,EMEI PROFESSORA ROSÂNGELA
154069,,,ok,ok,,350538864935734,EMEI PROFESSORA ROSÂNGELA
154070,,,ok,ok,,350538864784371,EMEI PROFESSORA ROSÂNGELA
154071,,,ok,ok,,350538864783704,EMEI PROFESSORA ROSÂNGELA
154072,,,,Aguardando BO,,350538864786913,EMEI PROFESSORA ROSÂNGELA
154073,,,ok,ok,,350538864835629,EMEI PROFESSORA ROSÂNGELA
154074,,,ok,ok,,350538864783795,EMEI PROFESSORA ROSÂNGELA
154075,,,ok,ok,,350538864839035,EMEI PROFESSORA ROSÂNGELA
154076,,,ok,ok,,350538864835298,EMEI PROFESSORA ROSÂNGELA
154077,,,ok,ok,,350538864844688,EMEI PROFESSORA ROSÂNGELA
154078,,,ok,ok,,350538864787333,EMEI PROFESSORA ROSÂNGELA
154079,,,ok,ok,,350538864787721,EMEI PROFESSORA ROSÂNGELA
154280,,ok,,,,350538864867135,EMEI PROFESSORA TEREZINHA SANTOS TERGOLINA
154281,,ok,,,,350538864870097,EMEI PROFESSORA TEREZINHA SANTOS TERGOLINA
154282,,ok,,,,350538864867705,EMEI PROFESSORA TEREZINHA SANTOS TERGOLINA
154283,,ok,,,,350538864870055,EMEI PROFESSORA TEREZINHA SANTOS TERGOLINA
154284,,ok,,,,350538864869594,EMEI PROFESSORA TEREZINHA SANTOS TERGOLINA
154285,,ok,,,,350538864871996,EMEI PROFESSORA TEREZINHA SANTOS TERGOLINA
154286,,ok,,,,350538864875724,EMEI PROFESSORA TEREZINHA SANTOS TERGOLINA
154287,,ok,,,,350538864881359,EMEI PROFESSORA TEREZINHA SANTOS TERGOLINA
154288,,ok,,,,350538864876946,EMEI PROFESSORA TEREZINHA SANTOS TERGOLINA
154289,,ok,,,,350538864867127,EMEI PROFESSORA TEREZINHA SANTOS TERGOLINA
154290,,ok,,,,350538864786202,EMEI PROFESSORA TEREZINHA SANTOS TERGOLINA
154291,,ok,,,,350538864786509,EMEI PROFESSORA TEREZINHA SANTOS TERGOLINA
154292,,ok,,,,350538864784157,EMEI PROFESSORA TEREZINHA SANTOS TERGOLINA
154293,,ok,,,,350538864784041,EMEI PROFESSORA TEREZINHA SANTOS TERGOLINA
154294,,ok,,,,350538864698498,EMEI PROFESSORA TEREZINHA SANTOS TERGOLINA
154295,,ok,,,,350538864786327,EMEI PROFESSORA TEREZINHA SANTOS TERGOLINA
154296,,ok,,,,350538864786533,EMEI PROFESSORA TEREZINHA SANTOS TERGOLINA
154297,,ok,,,,350538864786558,EMEI PROFESSORA TEREZINHA SANTOS TERGOLINA
154298,,ok,,,,350538864786145,EMEI PROFESSORA TEREZINHA SANTOS TERGOLINA
154299,,ok,,,,350538864786582,EMEI PROFESSORA TEREZINHA SANTOS TERGOLINA
154300,,ok,,,,350538865205707,EMEI RECANTO DO FILHOTE
154301,,ok,,,,350538865204734,EMEI RECANTO DO FILHOTE
154302,,ok,,,,350538865216050,EMEI RECANTO DO FILHOTE
154303,,ok,,,,350538865219187,EMEI RECANTO DO FILHOTE
154304,,ok,,,,350538865216555,EMEI RECANTO DO FILHOTE
154305,,,,,BO em 22/06/24,350538865204692,EMEI RECANTO DO FILHOTE
154306,,ok,,,,350538865219195,EMEI RECANTO DO FILHOTE
154307,,ok,,,,350538865218858,EMEI RECANTO DO FILHOTE
154308,,ok,,,,350538865204361,EMEI RECANTO DO FILHOTE
154309,,ok,,,,350538865209121,EMEI RECANTO DO FILHOTE
154310,,ok,,,,350538865215763,EMEI RECANTO DO FILHOTE
154311,,ok,,,,350538864775387,EMEI RECANTO DO FILHOTE
154312,,ok,,,,350538865205293,EMEI RECANTO DO FILHOTE
154313,,ok,,,,350538865205657,EMEI RECANTO DO FILHOTE
154314,,ok,,,,350538865211176,EMEI RECANTO DO FILHOTE
154315,,ok,,,,350538865208818,EMEI RECANTO DO FILHOTE
154316,,ok,,,,350538865205103,EMEI RECANTO DO FILHOTE
154317,,ok,,,,350538865204668,EMEI RECANTO DO FILHOTE
154318,,ok,,,,350538865205673,EMEI RECANTO DO FILHOTE
154319,,ok,,,,350538865217835,EMEI RECANTO DO FILHOTE
154320,,ok,ok,ok,,350538864932277,EMEI TIA LOURDES
154321,,ok,ok,ok,,350538864930248,EMEI TIA LOURDES
154322,,ok,ok,ok,,350538864930222,EMEI TIA LOURDES
154323,,ok,ok,ok,,350538864810044,EMEI TIA LOURDES
154324,,ok,ok,ok,,350538864931543,EMEI TIA LOURDES
154325,,ok,ok,ok,,350538864932004,EMEI TIA LOURDES
154326,,ok,ok,ok,,350538864930214,EMEI TIA LOURDES
154327,,ok,ok,ok,,350538864932319,EMEI TIA LOURDES
154328,,ok,ok,ok,,350538864931980,EMEI TIA LOURDES
154329,,ok,ok,ok,,350538864930693,EMEI TIA LOURDES
154330,,ok,ok,ok,,350538865214436,EMEI TIA LOURDES
154331,,ok,ok,ok,,350538865216019,EMEI TIA LOURDES
154332,,ok,ok,ok,,350538865215185,EMEI TIA LOURDES
154333,,ok,ok,ok,,350538865217488,EMEI TIA LOURDES
154334,,ok,ok,ok,,350538865215847,EMEI TIA LOURDES
154335,,ok,ok,ok,,350538865215219,EMEI TIA LOURDES
154336,,ok,ok,ok,,350538865217892,EMEI TIA LOURDES
154337,,ok,ok,ok,,350538865202050,EMEI TIA LOURDES
154338,,ok,ok,ok,,350538865213131,EMEI TIA LOURDES
154339,,ok,ok,ok,,350538865214980,EMEI TIA LOURDES
154340,,ok,,,,350538865218080,EMEI TIA MARIA LÚCIA
154341,,ok,,,,350538865217900,EMEI TIA MARIA LÚCIA
154342,,ok,,,,350538865203074,EMEI TIA MARIA LÚCIA
154343,,ok,,,,350538865217371,EMEI TIA MARIA LÚCIA
154344,,ok,,,,350538865217447,EMEI TIA MARIA LÚCIA
154345,,ok,,,,350538865215656,EMEI TIA MARIA LÚCIA
154346,,ok,,,,350538865214907,EMEI TIA MARIA LÚCIA
154347,,ok,,,,350538865217777,EMEI TIA MARIA LÚCIA
154348,,ok,,,,350538865217728,EMEI TIA MARIA LÚCIA
154349,,ok,,,,350538865217579,EMEI TIA MARIA LÚCIA
154350,,ok,,,,350538865002708,EMEI TIA MARIA LÚCIA
154351,,ok,,,,350538865038199,EMEI TIA MARIA LÚCIA
154352,,ok,,,,350538865002740,EMEI TIA MARIA LÚCIA
154353,,ok,,,,350538865003599,EMEI TIA MARIA LÚCIA
154354,,ok,,,,350538865005164,EMEI TIA MARIA LÚCIA
154355,,ok,,,,350538865030147,EMEI TIA MARIA LÚCIA
154356,,ok,,,,350538865002310,EMEI TIA MARIA LÚCIA
154357,,ok,,,,350538865002450,EMEI TIA MARIA LÚCIA
154358,,ok,,,,350538865003581,EMEI TIA MARIA LÚCIA
154359,,ok,,,,350538865005222,EMEI TIA MARIA LÚCIA
154360,,ok,,,,350538865211010,EMEI ULYSSES MACHADO FILHO
154361,,ok,,,,350538865213008,EMEI ULYSSES MACHADO FILHO
154362,,ok,,,,350538865212042,EMEI ULYSSES MACHADO FILHO
154363,,ok,,,,350538865212968,EMEI ULYSSES MACHADO FILHO
154364,,ok,,,,350538865206135,EMEI ULYSSES MACHADO FILHO
154365,,ok,,,,350538865212661,EMEI ULYSSES MACHADO FILHO
154366,,ok,,,,350538865212620,EMEI ULYSSES MACHADO FILHO
154367,,ok,,,,350538865209634,EMEI ULYSSES MACHADO FILHO
154368,,ok,,,,350538865202944,EMEI ULYSSES MACHADO FILHO
154369,,ok,,,,350538865207562,EMEI ULYSSES MACHADO FILHO
154370,,ok,,,,350538865030170,EMEI ULYSSES MACHADO FILHO
154371,,ok,,,,350538865056993,EMEI ULYSSES MACHADO FILHO
154372,,ok,,,,350538865005305,EMEI ULYSSES MACHADO FILHO
154373,,ok,,,,350538865003649,EMEI ULYSSES MACHADO FILHO
154374,,ok,,,,350538865003573,EMEI ULYSSES MACHADO FILHO
154375,,ok,,,,350538865004423,EMEI ULYSSES MACHADO FILHO
154376,,ok,,,,350538865005354,EMEI ULYSSES MACHADO FILHO
154377,,ok,,,,350538865002682,EMEI ULYSSES MACHADO FILHO
154378,,ok,,,,350538865004373,EMEI ULYSSES MACHADO FILHO
154379,,ok,,,,350538865005396,EMEI ULYSSES MACHADO FILHO
154380,,ok,ok,ok,,350538864920272,EMEI VEREADOR ALCY PAULO DE OLIVEIRA
154381,,ok,ok,ok,,350538864920637,EMEI VEREADOR ALCY PAULO DE OLIVEIRA
154382,,ok,ok,ok,,350538864920009,EMEI VEREADOR ALCY PAULO DE OLIVEIRA
154383,,ok,ok,ok,,350538864924035,EMEI VEREADOR ALCY PAULO DE OLIVEIRA
154384,,ok,ok,ok,,350538864927384,EMEI VEREADOR ALCY PAULO DE OLIVEIRA
154385,,ok,ok,ok,,350538864923037,EMEI VEREADOR ALCY PAULO DE OLIVEIRA
154386,,ok,ok,ok,,350538864923623,EMEI VEREADOR ALCY PAULO DE OLIVEIRA
154387,,,,LOCALIZADO!,BO em 20/02/25,350538864917922,EMEI VEREADOR ALCY PAULO DE OLIVEIRA
154388,,ok,ok,ok,,350538864922278,EMEI VEREADOR ALCY PAULO DE OLIVEIRA
154389,,ok,ok,ok,,350538864917583,EMEI VEREADOR ALCY PAULO DE OLIVEIRA
154390,,,,LOCALIZADO!,BO em 20/02/25,350538865198233,EMEI VEREADOR ALCY PAULO DE OLIVEIRA
154391,,ok,ok,ok,,350538865218114,EMEI VEREADOR ALCY PAULO DE OLIVEIRA
154392,,ok,ok,Aguardando ser localizado,,350538865218999,EMEI VEREADOR ALCY PAULO DE OLIVEIRA
154393,,ok,ok,ok,,350538865142488,EMEI VEREADOR ALCY PAULO DE OLIVEIRA
154394,,ok,ok,Aguardando ser localizado,,350538865142496,EMEI VEREADOR ALCY PAULO DE OLIVEIRA
154395,,ok,ok,ok,,350538865197938,EMEI VEREADOR ALCY PAULO DE OLIVEIRA
154396,,ok,ok,ok,,350538865142439,EMEI VEREADOR ALCY PAULO DE OLIVEIRA
154397,,ok,ok,Aguardando ser localizado,,350538865142504,EMEI VEREADOR ALCY PAULO DE OLIVEIRA
154398,,ok,ok,ok,,350538865141035,EMEI VEREADOR ALCY PAULO DE OLIVEIRA
154399,,ok,ok,ok,,350538865199603,EMEI VEREADOR ALCY PAULO DE OLIVEIRA
154400,,ok,,,,350538865215904,EMEI VÓ BABALI
154401,,ok,,,,350538865218726,EMEI VÓ BABALI
154402,,ok,,,,350538865212877,EMEI VÓ BABALI
154403,,ok,,,,350538865215607,EMEI VÓ BABALI
154404,,ok,,,,350538865217272,EMEI VÓ BABALI
154405,,ok,,,,350538865210061,EMEI VÓ BABALI
154406,,ok,,,,350538865204585,EMEI VÓ BABALI
154407,,ok,,,,350538865218783,EMEI VÓ BABALI
154408,,ok,,,,350538865203447,EMEI VÓ BABALI
154409,,ok,,,,350538865215417,EMEI VÓ BABALI
154410,,ok,,,,350538865201292,EMEI VÓ BABALI
154411,,ok,,,,350538865201557,EMEI VÓ BABALI
154412,,ok,,,,350538865201136,EMEI VÓ BABALI
154413,,ok,,,,350538865201508,EMEI VÓ BABALI
154414,,ok,,,,350538865208107,EMEI VÓ BABALI
154415,,ok,,,,350538865202241,EMEI VÓ BABALI
154416,,ok,,,,350538865205558,EMEI VÓ BABALI
154417,,ok,,,,350538865205327,EMEI VÓ BABALI
154418,,ok,,,,350538865201318,EMEI VÓ BABALI
154419,,ok,,,,350538865217462,EMEI VÓ BABALI
154420,,ok,,,,350538864417741,EMEI VÓ CORINA
154421,,ok,,,,350538865069814,EMEI VÓ CORINA
154422,,ok,,,,350538865071877,EMEI VÓ CORINA
154423,,ok,,,,350538865071901,EMEI VÓ CORINA
154424,,ok,,,,350538865071711,EMEI VÓ CORINA
154425,,ok,,,,350538865069384,EMEI VÓ CORINA
154426,,ok,,,,350538865069855,EMEI VÓ CORINA
154427,,ok,,,,350538865069970,EMEI VÓ CORINA
154428,,ok,,,,350538865070549,EMEI VÓ CORINA
154429,,ok,,,,350538865070630,EMEI VÓ CORINA
154430,,ok,,,,350538865037050,EMEI VÓ CORINA
154431,,ok,,,,350538865037084,EMEI VÓ CORINA
154432,,ok,,,,350538865035450,EMEI VÓ CORINA
154433,,ok,,,,350538865036565,EMEI VÓ CORINA
154434,,ok,,,,350538865037647,EMEI VÓ CORINA
154435,,ok,,,,350538865035229,EMEI VÓ CORINA
154436,,ok,,,,350538865037829,EMEI VÓ CORINA
154437,,ok,,,,350538865039320,EMEI VÓ CORINA
154438,,ok,,,,350538865037076,EMEI VÓ CORINA
154439,,ok,,,,350538865037126,EMEI VÓ CORINA
154440,,ok,,,,350538865204171,EMEI VÓ INEZINHA
154441,,ok,,,,350538865204353,EMEI VÓ INEZINHA
154442,,ok,,,,350538865147032,EMEI VÓ INEZINHA
154443,,ok,,,,350538865201433,EMEI VÓ INEZINHA
154444,,ok,,,,350538865203215,EMEI VÓ INEZINHA
154445,,ok,,,,350538865146679,EMEI VÓ INEZINHA
154446,,ok,,,,350538865201805,EMEI VÓ INEZINHA
154447,,ok,,,,350538865201078,EMEI VÓ INEZINHA
154448,,ok,,,,350538865202407,EMEI VÓ INEZINHA
154449,,ok,,,,350538865212075,EMEI VÓ INEZINHA
154450,,ok,,,,350538864806083,EMEI VÓ INEZINHA
154451,,ok,,,,350538864809780,EMEI VÓ INEZINHA
154452,,ok,,,,350538864930511,EMEI VÓ INEZINHA
154453,,ok,,,,350538864932467,EMEI VÓ INEZINHA
154454,,ok,,,,350538864806125,EMEI VÓ INEZINHA
154455,,ok,,,,350538864933051,EMEI VÓ INEZINHA
154456,,ok,,,,350538864806372,EMEI VÓ INEZINHA
154457,,ok,,,,350538864806109,EMEI VÓ INEZINHA
154458,,ok,,,,350538864808105,EMEI VÓ INEZINHA
154459,,ok,,,,350538864808451,EMEI VÓ INEZINHA
154460,,ok,ok,,,350538865002674,EMEI VÓ LOLA
154461,,ok,ok,,,350538865005255,EMEI VÓ LOLA
154462,,ok,ok,,,350538865005263,EMEI VÓ LOLA
154463,,ok,ok,,,350538865004399,EMEI VÓ LOLA
154464,,ok,ok,,,350538865030113,EMEI VÓ LOLA
154465,,ok,ok,,,350538865003623,EMEI VÓ LOLA
154466,,ok,ok,,,350538865005198,EMEI VÓ LOLA
154467,,ok,ok,,,350538865005289,EMEI VÓ LOLA
154468,,ok,ok,,,350538865003698,EMEI VÓ LOLA
154469,,ok,ok,,,350538865002880,EMEI VÓ LOLA
154470,,ok,ok,,,350538863773029,EMEI VÓ LOLA
154471,,ok,ok,,,350538863775578,EMEI VÓ LOLA
154472,,ok,ok,,,350538863769316,EMEI VÓ LOLA
154473,,ok,ok,,,350538863775651,EMEI VÓ LOLA
154474,,ok,ok,,,350538863771544,EMEI VÓ LOLA
154475,,ok,ok,,,350538863771395,EMEI VÓ LOLA
154476,,ok,ok,,,350538863768508,EMEI VÓ LOLA
154477,,ok,ok,,,350538863772971,EMEI VÓ LOLA
154478,,ok,ok,,,350538863780925,EMEI VÓ LOLA
154479,,ok,ok,,,350538863769241,EMEI VÓ LOLA
158105,,ok,ok,,,350538864853697,EMEI VÓ LOLA
158106,,ok,ok,,,350538864855254,EMEI VÓ LOLA
158107,,ok,ok,,,350538864852558,EMEI VÓ LOLA
158108,,ok,ok,,,350538864856690,EMEI VÓ LOLA
158109,,ok,ok,,,350538864853929,EMEI VÓ LOLA
154480,,ok,,,,350538865216027,EMEI VÓ MARIA ALDINA
154481,,ok,,,,350538865218692,EMEI VÓ MARIA ALDINA
154482,,ok,,,,350538865218247,EMEI VÓ MARIA ALDINA
154483,,ok,,,,350538865218841,EMEI VÓ MARIA ALDINA
154484,,ok,,,,350538865217140,EMEI VÓ MARIA ALDINA
154485,,ok,,,,350538865012913,EMEI VÓ MARIA ALDINA
154486,,ok,,,,350538865218569,EMEI VÓ MARIA ALDINA
154487,,ok,,,,350538865215615,EMEI VÓ MARIA ALDINA
154488,,ok,,,,350538865212752,EMEI VÓ MARIA ALDINA
154489,,ok,,,,350538865211002,EMEI VÓ MARIA ALDINA
154490,,ok,,,,350538864798736,EMEI VÓ MARIA ALDINA
154491,,ok,,,,350538864798777,EMEI VÓ MARIA ALDINA
154492,,ok,,,,350538864790709,EMEI VÓ MARIA ALDINA
154493,,ok,,,,350538864799270,EMEI VÓ MARIA ALDINA
154494,,ok,,,,350538864798819,EMEI VÓ MARIA ALDINA
154495,,ok,,,,350538864792051,EMEI VÓ MARIA ALDINA
154496,,ok,,,,350538864798728,EMEI VÓ MARIA ALDINA
154497,,ok,,,,350538864808162,EMEI VÓ MARIA ALDINA
154498,,ok,,,,350538864793737,EMEI VÓ MARIA ALDINA
154499,,ok,,,,350538864795484,EMEI VÓ MARIA ALDINA
154500,,ok,,,,350538864834911,EMEI VÓ NELSA
154501,,ok,,,,350538864783100,EMEI VÓ NELSA
154502,,ok,,,,350538864783209,EMEI VÓ NELSA
154503,,ok,,,,350538864783290,EMEI VÓ NELSA
154504,,ok,,,,350538864784462,EMEI VÓ NELSA
154505,,ok,,,,350538864784330,EMEI VÓ NELSA
154506,,ok,,,,350538864786673,EMEI VÓ NELSA
154507,,ok,,,,350538864784397,EMEI VÓ NELSA
154508,,ok,,,,350538864784199,EMEI VÓ NELSA
154509,,ok,,,,350538864783274,EMEI VÓ NELSA
154510,,ok,,,,350538863772526,EMEI VÓ NELSA
154511,,ok,,,,350538863779505,EMEI VÓ NELSA
154512,,ok,,,,350538863780842,EMEI VÓ NELSA
154513,,ok,,,,350538863771965,EMEI VÓ NELSA
154514,,ok,,,,350538863772492,EMEI VÓ NELSA
154515,,ok,,,,350538863782921,EMEI VÓ NELSA
154516,,ok,,,,350538863782996,EMEI VÓ NELSA
154517,,ok,,,,350538863774118,EMEI VÓ NELSA
154518,,ok,,,,350538863784869,EMEI VÓ NELSA
154519,,ok,,,,350538863784190,EMEI VÓ NELSA
154520,sim,,,,,350538865202001,EMEI VÓ PEDRA
154521,sim,,,,,350538865205350,EMEI VÓ PEDRA
154522,sim,,,,,350538865205863,EMEI VÓ PEDRA
154523,sim,,,,,350538865209675,EMEI VÓ PEDRA
154524,sim,,,,,350538865217827,EMEI VÓ PEDRA
154525,sim,,,,,350538865201474,EMEI VÓ PEDRA
154526,sim,,,,,350538865215698,EMEI VÓ PEDRA
154527,sim,,,,,350538865215169,EMEI VÓ PEDRA
154528,sim,,,,,350538865219443,EMEI VÓ PEDRA
154529,sim,,,,,350538865205434,EMEI VÓ PEDRA
154530,sim,,,,,350538864836106,EMEI VÓ PEDRA
154531,sim,,,,,350538864844241,EMEI VÓ PEDRA
154532,sim,,,,,350538864847038,EMEI VÓ PEDRA
154533,sim,,,,,350538864844308,EMEI VÓ PEDRA
154534,sim,,,,,350538864856989,EMEI VÓ PEDRA
154535,sim,,,,,350538864840728,EMEI VÓ PEDRA
154536,sim,,,,,350538864859934,EMEI VÓ PEDRA
154537,sim,,,,,350538864864850,EMEI VÓ PEDRA
154538,sim,,,,,350538864848861,EMEI VÓ PEDRA
154539,sim,,,,,350538864853259,EMEI VÓ PEDRA
158110,sim,,,,,350538864221895,EMEI VÓ PEDRA
158111,sim,,,,,350538864221853,EMEI VÓ PEDRA
158112,sim,,,,,350538864221572,EMEI VÓ PEDRA
158113,sim,,,,,350538864221382,EMEI VÓ PEDRA
158114,sim,,,,,350538864221846,EMEI VÓ PEDRA
158320,,ok,ok,ok,,350538863765702,EMEI VÓ PEDRA
158321,,ok,ok,Aguarda localização,,350538863773409,EMEI VÓ PEDRA
158322,,ok,ok,ok,,350538863765686,EMEI VÓ PEDRA
158323,,ok,ok,ok,,350538863784158,EMEI VÓ PEDRA
158324,,ok,ok,Aguarda localização,,350538863767732,EMEI VÓ PEDRA
158325,,ok,ok,ok,,350538863765652,EMEI VÓ PEDRA
158326,,ok,ok,ok,,350538863764895,EMEI VÓ PEDRA
158327,,ok,ok,ok,,350538863763681,EMEI VÓ PEDRA
158328,,ok,ok,Aguarda localização,,350538863765751,EMEI VÓ PEDRA
158329,,ok,ok,ok,,350538863765736,EMEI VÓ PEDRA
158330,,ok,ok,ok,,350538864421313,EMEI VÓ PEDRA
158331,,ok,ok,Aguarda localização,,350538864417238,EMEI VÓ PEDRA
158332,,ok,ok,Aguarda localização,,350538864420091,EMEI VÓ PEDRA
158333,,ok,ok,ok,,350538864375865,EMEI VÓ PEDRA
158334,,ok,ok,ok,,350538864419820,EMEI VÓ PEDRA
158335,,ok,ok,ok,,350538864417808,EMEI VÓ PEDRA
158336,,ok,ok,ok,,350538864393074,EMEI VÓ PEDRA
158337,,ok,ok,ok,,350538864420042,EMEI VÓ PEDRA
158338,,ok,ok,ok,,350538864392555,EMEI VÓ PEDRA
158339,,ok,ok,Aguarda localização,,350538864378604,EMEI VÓ PEDRA
154540,,ok,,,,350538864329789,EMEI VÓ PICUCHA
154541,,ok,,,,350538864266494,EMEI VÓ PICUCHA
154542,,ok,,,,350538864269266,EMEI VÓ PICUCHA
154543,,ok,,,,350538864608935,EMEI VÓ PICUCHA
154544,,ok,,,,350538864333740,EMEI VÓ PICUCHA
154545,,ok,,,,350538864266999,EMEI VÓ PICUCHA
154546,,ok,,,,350538864609024,EMEI VÓ PICUCHA
154547,,ok,,,,350538864259374,EMEI VÓ PICUCHA
154548,,ok,,,,350538864260927,EMEI VÓ PICUCHA
154549,,ok,,,,350538864266932,EMEI VÓ PICUCHA
154550,,ok,,,,350538864829069,EMEI VÓ PICUCHA
154551,,ok,,,,350538864829101,EMEI VÓ PICUCHA
154552,,ok,,,,350538864832600,EMEI VÓ PICUCHA
154553,,ok,,,,350538864776252,EMEI VÓ PICUCHA
154554,,ok,,,,350538864774646,EMEI VÓ PICUCHA
154555,,ok,,,,350538864832790,EMEI VÓ PICUCHA
154556,,ok,,,,350538864832584,EMEI VÓ PICUCHA
154557,,ok,,,,350538864828921,EMEI VÓ PICUCHA
154558,,ok,,,,350538864829028,EMEI VÓ PICUCHA
154559,,ok,,,,350538864832691,EMEI VÓ PICUCHA
154560,,,,,,350538864801456,EMEI VÓ SARA
154561,,,,,,350538864800607,EMEI VÓ SARA
154562,,,,,,350538864800672,EMEI VÓ SARA
154563,,,,,,350538864800474,EMEI VÓ SARA
154564,,,,,,350538864801373,EMEI VÓ SARA
154565,,,,,,350538864800789,EMEI VÓ SARA
154566,,,,,,350538864800631,EMEI VÓ SARA
154567,,,,,,350538864799924,EMEI VÓ SARA
154568,,,,,,350538864920165,EMEI VÓ SARA
154569,,,,,,350538864799981,EMEI VÓ SARA
154570,,,,,,350538864367722,EMEI VÓ SARA
154571,,,,,,350538864367417,EMEI VÓ SARA
154572,,,,,,350538864367474,EMEI VÓ SARA
154573,,,,,,350538864367391,EMEI VÓ SARA
154574,,,,,,350538864368035,EMEI VÓ SARA
154575,,,,,,350538864367649,EMEI VÓ SARA
154576,,,,,,350538864366856,EMEI VÓ SARA
154577,,,,,,350538864366476,EMEI VÓ SARA
154578,,,,,,350538864369736,EMEI VÓ SARA
154579,,,,,,350538864366740,EMEI VÓ SARA
158670,,ok,,,,350538864378786,EMEI VÓ SARA
158671,,ok,,,,350538864373399,EMEI VÓ SARA
158672,,ok,,,,350538864419044,EMEI VÓ SARA
158673,,ok,,,,350538864418657,EMEI VÓ SARA
158674,,ok,,,,350538864873133,EMEI VÓ SARA
154580,sim,,,,,350538865122068,EMEI VOVÓ DORALICE
154581,sim,,,,,350538865018209,EMEI VOVÓ DORALICE
154582,sim,,,,,350538865019678,EMEI VOVÓ DORALICE
154583,sim,,,,,350538865023399,EMEI VOVÓ DORALICE
154584,sim,,,,,350538865019868,EMEI VOVÓ DORALICE
154585,sim,,,,,350538865020668,EMEI VOVÓ DORALICE
154586,sim,,,,,350538865178268,EMEI VOVÓ DORALICE
154587,sim,,,,,350538865122720,EMEI VOVÓ DORALICE
154588,sim,,,,,350538865016856,EMEI VOVÓ DORALICE
154589,sim,,,,,350538865177682,EMEI VOVÓ DORALICE
154590,sim,,,,,350538865214253,EMEI VOVÓ DORALICE
154591,sim,,,,,350538865140185,EMEI VOVÓ DORALICE
154592,sim,,,,,350538865140763,EMEI VOVÓ DORALICE
154593,sim,,,,,350538865142918,EMEI VOVÓ DORALICE
154594,sim,,,,,350538865143304,EMEI VOVÓ DORALICE
154595,sim,,,,,350538865142066,EMEI VOVÓ DORALICE
154596,sim,,,,,350538865136282,EMEI VOVÓ DORALICE
154597,sim,,,,,350538865148394,EMEI VOVÓ DORALICE
154598,sim,,,,,350538865143031,EMEI VOVÓ DORALICE
154599,sim,,,,,350538865196872,EMEI VOVÓ DORALICE
155863,,ok,ok,ok,,350538864117655,EMEI Vovó Doralice
155865,,ok,ok,ok,,350538864115246,EMEI Vovó Doralice
155866,,ok,ok,ok,,350538864117697,EMEI Vovó Doralice
155867,,ok,ok,ok,,350538864115865,EMEI Vovó Doralice
155875,,ok,ok,ok,,350538864463737,EMEI Vovó Doralice
155880,,ok,ok,ok,,350538864997494,EMEI Vovó Doralice
155881,,ok,ok,ok,,350538865000561,EMEI Vovó Doralice
155896,,ok,ok,ok,,350538865208453,EMEI Vovó Doralice
155911,,ok,ok,ok,,350538863786799,EMEI Vovó Doralice
155925,,ok,ok,ok,,350538864459842,EMEI Vovó Doralice
155931,,ok,ok,ok,,350538864746164,EMEI Vovó Doralice
155943,,ok,ok,ok,,350538864461731,EMEI Vovó Doralice
155944,,ok,ok,ok,,350538864461657,EMEI Vovó Doralice
155948,,ok,ok,ok,,350538864461681,EMEI Vovó Doralice
155949,,ok,ok,ok,,350538864463984,EMEI Vovó Doralice
156542,,ok,ok,ok,,350538865205715,EMEI Vovó Doralice
156559,,ok,ok,ok,,350538865215201,EMEI Vovó Doralice
156560,,ok,ok,ok,,350538864132431,EMEI Vovó Doralice
156597,,ok,ok,ok,,350538865040401,EMEI Vovó Doralice
156637,,ok,ok,ok,,350538864806919,EMEI Vovó Doralice
155560,,ok,,,,350538865125061,SME Fiscalização
158242,,ok,,,,350538864869602,SME Fiscalização
158585,,ok,ok,,,350538862653347,SME Fiscalização
158220,,ok,ok,ok,,350538864682716,SME Tempo de Cuidar
158221,,,,,,350538864075044,SME Tempo de Cuidar
158222,,ok,ok,ok,,350538865215136,SME Tempo de Cuidar
158224,,ok,ok,ok,,350538864032367,SME Tempo de Cuidar
158225,,ok,ok,ok,,350538864461509,SME Tempo de Cuidar
158226,,ok,ok,ok,,350538864933002,SME Tempo de Cuidar
158228,,ok,ok,ok,,350538864477836,SME Tempo de Cuidar
158229,,ok,ok,ok,,350538864684456,SME Tempo de Cuidar
158230,,ok,ok,ok,,350538864681718,SME Tempo de Cuidar
158231,,ok,ok,ok,,350538864877423,SME Tempo de Cuidar
158232,,ok,ok,ok,,350538864682948,SME Tempo de Cuidar
158233,,ok,ok,ok,,350538865218312,SME Tempo de Cuidar
158234,,ok,ok,ok,,350538864882324,SME Tempo de Cuidar
158235,,ok,ok,ok,,350538864027730,SME Tempo de Cuidar
158236,,ok,,,,350538864072520,SME Tempo de Cuidar
158237,,ok,ok,ok,,350538864077974,SME Tempo de Cuidar
158238,,ok,ok,ok,,350538865202076,SME Tempo de Cuidar
158239,,ok,ok,ok,,350538864684050,SME Tempo de Cuidar
158240,,ok,ok,ok,,350538864684662,SME Tempo de Cuidar
158241,,ok,ok,ok,,350538864872630,SME Tempo de Cuidar
158243,,ok,ok,ok,,350538864461442,SME Tempo de Cuidar
158244,,ok,ok,ok,,350538864462028,SME Tempo de Cuidar
158245,,ok,ok,ok,,350538864867580,SME Tempo de Cuidar
158246,,ok,ok,ok,,350538864794842,SME Tempo de Cuidar
158247,,ok,ok,ok,,350538864795674,SME Tempo de Cuidar
158248,,,,,Estragado,350538864088138,SME Tempo de Cuidar
158249,,ok,,,,350538864072454,SME Tempo de Cuidar
153822,,ok,ok,ok,,350538865072040,SME Time Google
153823,,ok,ok,ok,,350538865069863,SME Time Google
153825,,ok,ok,ok,,350538865071679,SME Time Google
153827,,ok,ok,ok,,350538865072032,SME Time Google
153828,,ok,ok,ok,,350538865069723,SME Time Google
153830,,ok,ok,ok,,350538865203736,SME Time Google
153836,,ok,,,,350538865204296,SME Time Google
153837,,ok,ok,ok,,350538865204338,SME Time Google
153838,,ok,ok,ok,,350538865216357,SME Time Google
153839,,ok,ok,ok,,350538865204254,SME Time Google
157964,,ok,ok,ok,,350538864404996,SME Time Google
157972,,ok,,,,350538865031301,SME Time Google
157973,,ok,ok,ok,,350538865030345,SME Time Google
158116,,ok,,,,350538864372169,SME Time Google
158117,,ok,ok,ok,,350538864419226,SME Time Google
158118,,ok,ok,ok,,350538864392746,SME Time Google
158121,,ok,ok,ok,,350538864416222,SME Time Google
158122,,ok,ok,ok,,350538864418855,SME Time Google
158126,,ok,ok,ok,,350538864420182,SME Time Google
158135,,ok,ok,ok,,350538865030931,SME Time Google
158137,,ok,ok,ok,,350538864999870,SME Time Google
158138,,ok,ok,ok,,350538864997510,SME Time Google
158140,,ok,,,,350538865005537,SME Time Google
158074,,ok,ok,ok,,350538862709081,SME Time Google 
158205,,ok,ok,ok,,350538864987909,SME Time Google 
158206,,ok,ok,ok,,350538864989293,SME Time Google 
158209,,ok,,,,350538864988535,SME Time Google 
156531,,ok,ok,ok,,350538864794941,SME/Reserva
156543,,ok,ok,ok,,350538865205368,SME/Reserva
156546,,ok,ok,ok,,350538865205822,SME/Reserva
156547,,ok,ok,ok,,350538865217769,SME/Reserva
156620,,ok,ok,ok,,350538864677740,SME/Reserva
158227,,ok,ok,ok,,350538864681700,SME/Reserva
158349,,ok,ok,ok,,350538865029784,SME/Reserva
156980,,ok,ok,,,350538864986752,
158668,,ok,,,BO realizado em 07/01/2026,350538864419465,
Total perdidos enchente:,417,,,,,,